{"id-93031":{"title":"General Hospital","id":93031,"publish-date":1727804088,"featured-image-url":"https:\/\/websitedemos.net\/wp-content\/uploads\/2024\/10\/general-hospital-04.jpg","thumbnail-image-url":"https:\/\/websitedemos.net\/wp-content\/uploads\/2024\/10\/general-hospital-04-600x2221.jpg","fullpage-thumbnail-image-url":"https:\/\/websitedemos.net\/wp-content\/uploads\/2024\/10\/general-hospital-04-400x1481.jpg","astra-site-url":"\/\/websitedemos.net\/general-hospital-04","astra-site-parent-id":3625,"astra-sites-tag":{"601":"doctor","3341":"doctors","2045":"health","3343":"healthandwellness","604":"healthcare","605":"hospital","603":"medical","3337":"medicine","3342":"nurses","3340":"nursing","3339":"pharmacy"},"astra-sites-type":"premium","astra-site-category":{"27":"business"},"astra-sites-template-category":{"2777":"business","2834":"healthcare","2841":"medical-clinic"},"astra-site-page-builder":"elementor","categories":{"3427":"default","2490":"healthcare","3429":"premium"},"required-plugins":[{"slug":"elementor","init":"elementor\/elementor.php","name":"Elementor"}],"post-status":"publish","post-content":"<!-- wp:paragraph -->\n<p>The General Hospital template was designed with the same care and attention you give patients. It\u2019s calm, collected and inspires confidence. All things patients want to feel whenever they interact with your hospital, surgery, clinic or medical center.<\/p>\n<!-- \/wp:paragraph -->\n\n<!-- wp:paragraph -->\n<p>The design uses blue and white colors synonymous with healthcare but you can change them at will using built-in tools. Pages include readymade content areas and space for images, reviews and areas of expertise. It\u2019s everything the healthcare industry needs to interact with the community.<\/p>\n<!-- \/wp:paragraph -->\n\n<!-- wp:heading -->\n<h2 class=\"wp-block-heading\">Key features of the General Hospital template<\/h2>\n<!-- \/wp:heading -->\n\n<!-- wp:list -->\n<ul class=\"wp-block-list\"><!-- wp:list-item -->\n<li>Calm and collected design that inspires confidence<\/li>\n<!-- \/wp:list-item -->\n\n<!-- wp:list-item -->\n<li>Lots of healthcare-related content and image options<\/li>\n<!-- \/wp:list-item -->\n\n<!-- wp:list-item -->\n<li>Customize everything from the header to the footer<\/li>\n<!-- \/wp:list-item -->\n\n<!-- wp:list-item -->\n<li>SEO friendly and fully responsive<\/li>\n<!-- \/wp:list-item -->\n\n<!-- wp:list-item -->\n<li>Full compatibility with leading page builders<\/li>\n<!-- \/wp:list-item --><\/ul>\n<!-- \/wp:list -->","post-excerpt":"The General Hospital template is ideal for healthcare providers, medical centers, and community hospitals.","pages":{"id-93034":{"title":"Home","featured-image-url":"https:\/\/websitedemos.net\/wp-content\/uploads\/2024\/10\/general-hospitals-04.jpg","thumbnail-image-url":"https:\/\/websitedemos.net\/wp-content\/uploads\/2024\/10\/general-hospitals-04-600x2230.jpg","astra-page-api-url":"https:\/\/websitedemos.net\/general-hospital-04\/wp-json\/wp\/v2\/pages\/992","dynamic-page":"no","astra-page-url":"\/\/websitedemos.net\/general-hospital-04\/","astra-sites-tag":{"423":"home"},"site-pages-type":"premium","site-pages-page-builder":"elementor","site-pages-category":[],"site-pages-parent-category":{"60":"business"},"required-plugins":[{"slug":"elementor","init":"elementor\/elementor.php","name":"Elementor"}]},"id-93035":{"title":"Services","featured-image-url":"https:\/\/websitedemos.net\/wp-content\/uploads\/2024\/10\/general-hospitals-04-services.jpg","thumbnail-image-url":"https:\/\/websitedemos.net\/wp-content\/uploads\/2024\/10\/general-hospitals-04-services-600x1220.jpg","astra-page-api-url":"https:\/\/websitedemos.net\/general-hospital-04\/wp-json\/wp\/v2\/pages\/988","dynamic-page":"no","astra-page-url":"\/\/websitedemos.net\/general-hospital-04\/services\/","astra-sites-tag":[],"site-pages-type":"premium","site-pages-page-builder":"elementor","site-pages-category":[],"site-pages-parent-category":{"60":"business"},"required-plugins":[{"slug":"elementor","init":"elementor\/elementor.php","name":"Elementor"}]},"id-93032":{"title":"About Us","featured-image-url":"https:\/\/websitedemos.net\/wp-content\/uploads\/2024\/10\/general-hospitals-04-about.jpg","thumbnail-image-url":"https:\/\/websitedemos.net\/wp-content\/uploads\/2024\/10\/general-hospitals-04-about-600x990.jpg","astra-page-api-url":"https:\/\/websitedemos.net\/general-hospital-04\/wp-json\/wp\/v2\/pages\/990","dynamic-page":"no","astra-page-url":"\/\/websitedemos.net\/general-hospital-04\/about-us\/","astra-sites-tag":{"455":"about-us"},"site-pages-type":"premium","site-pages-page-builder":"elementor","site-pages-category":[],"site-pages-parent-category":{"60":"business"},"required-plugins":[{"slug":"elementor","init":"elementor\/elementor.php","name":"Elementor"}]},"id-93033":{"title":"Contact","featured-image-url":"https:\/\/websitedemos.net\/wp-content\/uploads\/2024\/10\/general-hospitals-04-contact.jpg","thumbnail-image-url":"https:\/\/websitedemos.net\/wp-content\/uploads\/2024\/10\/general-hospitals-04-contact-600x707.jpg","astra-page-api-url":"https:\/\/websitedemos.net\/general-hospital-04\/wp-json\/wp\/v2\/pages\/985","dynamic-page":"no","astra-page-url":"\/\/websitedemos.net\/general-hospital-04\/contact\/","astra-sites-tag":{"415":"contact"},"site-pages-type":"premium","site-pages-page-builder":"elementor","site-pages-category":[],"site-pages-parent-category":{"60":"business"},"required-plugins":[{"slug":"elementor","init":"elementor\/elementor.php","name":"Elementor"}]}},"related-bb-template":"","related-elementor-template":93031,"related-gutenberg-template":74987,"related_ecommerce_template":"","ecommerce_parent_template":""},"id-82675":{"title":"Halloween Shop","id":82675,"publish-date":1697712562,"featured-image-url":"https:\/\/websitedemos.net\/wp-content\/uploads\/2023\/10\/halloween-shop-04.jpg","thumbnail-image-url":"https:\/\/websitedemos.net\/wp-content\/uploads\/2023\/10\/halloween-shop-04-600x2926.jpg","fullpage-thumbnail-image-url":"https:\/\/websitedemos.net\/wp-content\/uploads\/2023\/10\/halloween-shop-04-400x1951.jpg","astra-site-url":"\/\/websitedemos.net\/halloween-shop-04","astra-site-parent-id":3386,"astra-sites-tag":{"597":"art","2947":"autumn-2","496":"ecommerce","1817":"ecommerce-store","2946":"halloweeenparty","2943":"halloween-2","2944":"halloweencostume-2","2948":"halloweendecor-2","2951":"halloweenmakeup-2","2950":"happyhalloween-2","2952":"pumpkin-2","2953":"spookyseason-2","2949":"trcikortreat","2700":"woocommece"},"astra-sites-type":"agency-mini","astra-site-category":{"38":"ecommerce"},"astra-sites-template-category":{"2769":"ecommerce","2784":"event"},"astra-site-page-builder":"elementor","categories":{"3430":"dark","3427":"default","2495":"ecommerce","3429":"premium"},"required-plugins":[{"slug":"astra-addon","init":"astra-addon\/astra-addon.php","name":"Astra Pro"},{"slug":"elementor","init":"elementor\/elementor.php","name":"Elementor"},{"slug":"woocommerce","init":"woocommerce\/woocommerce.php","name":"WooCommerce"},{"slug":"wpforms-lite","init":"wpforms-lite\/wpforms.php","name":"WPForms Lite"},{"slug":"checkout-plugins-stripe-woo","init":"checkout-plugins-stripe-woo\/checkout-plugins-stripe-woo.php","name":"Checkout Plugins - Stripe for WooCommerce"}],"post-status":"publish","post-content":"<!-- wp:paragraph -->\n<p>Step into the world of enchantment with our Halloween Shop template! Crafted to give your store a spooktacular makeover, this fully responsive template is your key to success.<\/p>\n<!-- \/wp:paragraph -->\n\n<!-- wp:paragraph -->\n<p>The design is wickedly delightful, capturing the essence of Halloween and creating an immersive experience for your customers. Navigating through your eerie products and seasonal specials is a breeze, thanks to the user-friendly features that make online shopping a joy.<\/p>\n<!-- \/wp:paragraph -->\n\n<!-- wp:heading -->\n<h2 class=\"wp-block-heading\">Key features of the Halloween Shop Template:<\/h2>\n<!-- \/wp:heading -->\n\n<!-- wp:list -->\n<ul><!-- wp:list-item -->\n<li>Wicked shop design ideal for Halloween<\/li>\n<!-- \/wp:list-item -->\n\n<!-- wp:list-item -->\n<li>User-friendly and built for online stores<\/li>\n<!-- \/wp:list-item -->\n\n<!-- wp:list-item -->\n<li>Fast and fully responsive<\/li>\n<!-- \/wp:list-item -->\n\n<!-- wp:list-item -->\n<li>Professional quality designs<\/li>\n<!-- \/wp:list-item -->\n\n<!-- wp:list-item -->\n<li>Full compatibility with popular page builders<\/li>\n<!-- \/wp:list-item --><\/ul>\n<!-- \/wp:list -->","post-excerpt":"Elevate your Halloween shop with our spellbinding website template!","pages":{"id-82678":{"title":"Home","featured-image-url":"https:\/\/websitedemos.net\/wp-content\/uploads\/2023\/10\/halloween-shop-04.jpg","thumbnail-image-url":"https:\/\/websitedemos.net\/wp-content\/uploads\/2023\/10\/halloween-shop-04-600x2926.jpg","astra-page-api-url":"https:\/\/websitedemos.net\/halloween-shop-04\/wp-json\/wp\/v2\/pages\/282","dynamic-page":"yes","astra-page-url":"\/\/websitedemos.net\/halloween-shop-04\/","astra-sites-tag":{"423":"home"},"site-pages-type":"agency-mini","site-pages-page-builder":"elementor","site-pages-category":[],"site-pages-parent-category":{"64":"ecommerce"},"required-plugins":[{"slug":"elementor","init":"elementor\/elementor.php","name":"Elementor"},{"slug":"woocommerce","init":"woocommerce\/woocommerce.php","name":"WooCommerce"}]},"id-82676":{"title":"About","featured-image-url":"https:\/\/websitedemos.net\/wp-content\/uploads\/2023\/10\/halloween-shop-04-about.jpg","thumbnail-image-url":"https:\/\/websitedemos.net\/wp-content\/uploads\/2023\/10\/halloween-shop-04-about-600x1009.jpg","astra-page-api-url":"https:\/\/websitedemos.net\/halloween-shop-04\/wp-json\/wp\/v2\/pages\/285","dynamic-page":"no","astra-page-url":"\/\/websitedemos.net\/halloween-shop-04\/about\/","astra-sites-tag":{"352":"about"},"site-pages-type":"agency-mini","site-pages-page-builder":"elementor","site-pages-category":[],"site-pages-parent-category":{"64":"ecommerce"},"required-plugins":[{"slug":"elementor","init":"elementor\/elementor.php","name":"Elementor"}]},"id-82677":{"title":"Contact","featured-image-url":"https:\/\/websitedemos.net\/wp-content\/uploads\/2023\/10\/halloween-shop-04-contact.jpg","thumbnail-image-url":"https:\/\/websitedemos.net\/wp-content\/uploads\/2023\/10\/halloween-shop-04-contact-600x666.jpg","astra-page-api-url":"https:\/\/websitedemos.net\/halloween-shop-04\/wp-json\/wp\/v2\/pages\/287","dynamic-page":"no","astra-page-url":"\/\/websitedemos.net\/halloween-shop-04\/contact\/","astra-sites-tag":{"415":"contact"},"site-pages-type":"agency-mini","site-pages-page-builder":"elementor","site-pages-category":[],"site-pages-parent-category":{"64":"ecommerce"},"required-plugins":[{"slug":"elementor","init":"elementor\/elementor.php","name":"Elementor"},{"slug":"wpforms-lite","init":"wpforms-lite\/wpforms.php","name":"WPForms Lite"}]}},"related-bb-template":"","related-elementor-template":82675,"related-gutenberg-template":93860,"related_ecommerce_template":"","ecommerce_parent_template":""},"id-92980":{"title":"Music Event","id":92980,"publish-date":1727796561,"featured-image-url":"https:\/\/websitedemos.net\/wp-content\/uploads\/2024\/10\/music-events-04.jpg","thumbnail-image-url":"https:\/\/websitedemos.net\/wp-content\/uploads\/2024\/10\/music-events-04-600x3200.jpg","fullpage-thumbnail-image-url":"https:\/\/websitedemos.net\/wp-content\/uploads\/2024\/10\/music-events-04-400x2133.jpg","astra-site-url":"\/\/websitedemos.net\/music-event-04","astra-site-parent-id":3622,"astra-sites-tag":{"3331":"bands","755":"concert","406":"dj","660":"entertainment","3330":"livemusic","407":"music","3329":"musicevent","3332":"musicfestival","3333":"nightlife","2635":"party"},"astra-sites-type":"premium","astra-site-category":{"27":"business"},"astra-sites-template-category":{"2869":"dj","2784":"event","2781":"music","2771":"one-page"},"astra-site-page-builder":"elementor","categories":{"2486":"art-music","3427":"default","3429":"premium"},"required-plugins":[{"slug":"elementor","init":"elementor\/elementor.php","name":"Elementor"}],"post-status":"publish","post-content":"<!-- wp:paragraph -->\n<p>The Music Event template creates an engaging atmosphere as soon as it opens, ideal for musicians, bands, performers and events of all kinds. The design is engaging and delivers opportunities to communicate information and sell tickets, merch or music from your website.<\/p>\n<!-- \/wp:paragraph -->\n\n<!-- wp:paragraph -->\n<p>The design is modern and can be customized in seconds using built-in tools. It takes no time at all to rebrand the template and make it your own, ideal in a market that\u2019s all about branding and unique identities!<\/p>\n<!-- \/wp:paragraph -->\n\n<!-- wp:heading -->\n<h2 class=\"wp-block-heading\">Key features of the Music Event template<\/h2>\n<!-- \/wp:heading -->\n\n<!-- wp:list -->\n<ul class=\"wp-block-list\"><!-- wp:list-item -->\n<li>Created with music and events in mind<\/li>\n<!-- \/wp:list-item -->\n\n<!-- wp:list-item -->\n<li>Convert visitors, sell tickets and merch with ease<\/li>\n<!-- \/wp:list-item -->\n\n<!-- wp:list-item -->\n<li>Fully customizable and simple to rebrand<\/li>\n<!-- \/wp:list-item -->\n\n<!-- wp:list-item -->\n<li>SEO friendly and fully responsive<\/li>\n<!-- \/wp:list-item -->\n\n<!-- wp:list-item -->\n<li>Full compatibility with leading page builders<\/li>\n<!-- \/wp:list-item --><\/ul>\n<!-- \/wp:list -->","post-excerpt":"The Music Event template is ideal for concert organizers, music festivals, and live event promoters.","pages":{"id-92981":{"title":"Home","featured-image-url":"","thumbnail-image-url":"","astra-page-api-url":"https:\/\/websitedemos.net\/music-event-04\/wp-json\/wp\/v2\/pages\/509","dynamic-page":"no","astra-page-url":"\/\/websitedemos.net\/music-event-04\/","astra-sites-tag":{"423":"home"},"site-pages-type":"premium","site-pages-page-builder":"gutenberg","site-pages-category":[],"site-pages-parent-category":{"60":"business"},"required-plugins":""}},"related-bb-template":"","related-elementor-template":92980,"related-gutenberg-template":74955,"related_ecommerce_template":"","ecommerce_parent_template":""},"id-82657":{"title":"Halloween","id":82657,"publish-date":1697658717,"featured-image-url":"https:\/\/websitedemos.net\/wp-content\/uploads\/2023\/10\/halloween-event-04.jpg","thumbnail-image-url":"https:\/\/websitedemos.net\/wp-content\/uploads\/2023\/10\/halloween-event-04-600x3358.jpg","fullpage-thumbnail-image-url":"https:\/\/websitedemos.net\/wp-content\/uploads\/2023\/10\/halloween-event-04-400x2239.jpg","astra-site-url":"\/\/websitedemos.net\/halloween-event-04","astra-site-parent-id":3384,"astra-sites-tag":{"597":"art","2947":"autumn-2","409":"event","1569":"events","2946":"halloweeenparty","2943":"halloween-2","2944":"halloweencostume-2","2948":"halloweendecor-2","2951":"halloweenmakeup-2","2950":"happyhalloween-2","2952":"pumpkin-2","2953":"spookyseason-2","2949":"trcikortreat"},"astra-sites-type":"agency-mini","astra-site-category":{"36":"other"},"astra-sites-template-category":{"2784":"event"},"astra-site-page-builder":"elementor","categories":{"3430":"dark","3427":"default","2489":"event-invitation","3429":"premium"},"required-plugins":[{"slug":"elementor","init":"elementor\/elementor.php","name":"Elementor"},{"slug":"wpforms-lite","init":"wpforms-lite\/wpforms.php","name":"WPForms Lite"}],"post-status":"publish","post-content":"<!-- wp:paragraph -->\n<p>Get ready to enchant your online visitors with our exclusive Halloween Event website template! It's not just a template; it's your secret weapon to make your website as hauntingly stylish as Halloween itself.<\/p>\n<!-- \/wp:paragraph -->\n\n<!-- wp:paragraph -->\n<p>Don't let slow-loading pages give your visitors a fright \u2013 our template ensures a fast and seamless experience, keeping them hooked on your bewitching content. Fast, fully responsive, fully customizable and ready to engage.<\/p>\n<!-- \/wp:paragraph -->\n\n<!-- wp:heading -->\n<h2 class=\"wp-block-heading\">Key features of the Halloween Template:<\/h2>\n<!-- \/wp:heading -->\n\n<!-- wp:list -->\n<ul><!-- wp:list-item -->\n<li>Haunting design for Halloween<\/li>\n<!-- \/wp:list-item -->\n\n<!-- wp:list-item -->\n<li>User-friendly and very easy to use<\/li>\n<!-- \/wp:list-item -->\n\n<!-- wp:list-item -->\n<li>Fast performance with plenty of options<\/li>\n<!-- \/wp:list-item -->\n\n<!-- wp:list-item -->\n<li>Professional quality design ready to represent your brand<\/li>\n<!-- \/wp:list-item -->\n\n<!-- wp:list-item -->\n<li>Full compatibility with popular page builders<\/li>\n<!-- \/wp:list-item --><\/ul>\n<!-- \/wp:list -->","post-excerpt":"Summon spooktacular success with a Halloween Event web template","pages":{"id-82661":{"title":"Home","featured-image-url":"https:\/\/websitedemos.net\/wp-content\/uploads\/2023\/10\/halloween-event-04.jpg","thumbnail-image-url":"https:\/\/websitedemos.net\/wp-content\/uploads\/2023\/10\/halloween-event-04-600x3358.jpg","astra-page-api-url":"https:\/\/websitedemos.net\/halloween-event-04\/wp-json\/wp\/v2\/pages\/279","dynamic-page":"no","astra-page-url":"\/\/websitedemos.net\/halloween-event-04\/","astra-sites-tag":{"423":"home"},"site-pages-type":"agency-mini","site-pages-page-builder":"elementor","site-pages-category":[],"site-pages-parent-category":{"139":"other"},"required-plugins":[{"slug":"elementor","init":"elementor\/elementor.php","name":"Elementor"}]},"id-82658":{"title":"About","featured-image-url":"https:\/\/websitedemos.net\/wp-content\/uploads\/2023\/10\/halloween-event-04-about.jpg","thumbnail-image-url":"https:\/\/websitedemos.net\/wp-content\/uploads\/2023\/10\/halloween-event-04-about-600x2256.jpg","astra-page-api-url":"https:\/\/websitedemos.net\/halloween-event-04\/wp-json\/wp\/v2\/pages\/284","dynamic-page":"no","astra-page-url":"\/\/websitedemos.net\/halloween-event-04\/about\/","astra-sites-tag":{"352":"about"},"site-pages-type":"agency-mini","site-pages-page-builder":"elementor","site-pages-category":[],"site-pages-parent-category":{"139":"other"},"required-plugins":[{"slug":"elementor","init":"elementor\/elementor.php","name":"Elementor"}]},"id-82660":{"title":"Demonstrations","featured-image-url":"https:\/\/websitedemos.net\/wp-content\/uploads\/2023\/10\/halloween-event-04-demonstrations.jpg","thumbnail-image-url":"https:\/\/websitedemos.net\/wp-content\/uploads\/2023\/10\/halloween-event-04-demonstrations-600x2236.jpg","astra-page-api-url":"https:\/\/websitedemos.net\/halloween-event-04\/wp-json\/wp\/v2\/pages\/282","dynamic-page":"no","astra-page-url":"\/\/websitedemos.net\/halloween-event-04\/demonstrations\/","astra-sites-tag":{"3385":"demonstrations"},"site-pages-type":"agency-mini","site-pages-page-builder":"elementor","site-pages-category":[],"site-pages-parent-category":{"139":"other"},"required-plugins":[{"slug":"elementor","init":"elementor\/elementor.php","name":"Elementor"}]},"id-82659":{"title":"Contact","featured-image-url":"https:\/\/websitedemos.net\/wp-content\/uploads\/2023\/10\/halloween-event-04-contact.jpg","thumbnail-image-url":"https:\/\/websitedemos.net\/wp-content\/uploads\/2023\/10\/halloween-event-04-contact-600x987.jpg","astra-page-api-url":"https:\/\/websitedemos.net\/halloween-event-04\/wp-json\/wp\/v2\/pages\/286","dynamic-page":"no","astra-page-url":"\/\/websitedemos.net\/halloween-event-04\/contact\/","astra-sites-tag":{"415":"contact"},"site-pages-type":"agency-mini","site-pages-page-builder":"elementor","site-pages-category":[],"site-pages-parent-category":{"139":"other"},"required-plugins":[{"slug":"elementor","init":"elementor\/elementor.php","name":"Elementor"},{"slug":"wpforms-lite","init":"wpforms-lite\/wpforms.php","name":"WPForms Lite"}]}},"related-bb-template":"","related-elementor-template":82657,"related-gutenberg-template":93309,"related_ecommerce_template":"","ecommerce_parent_template":""},"id-92974":{"title":"Web Developer","id":92974,"publish-date":1727791069,"featured-image-url":"https:\/\/websitedemos.net\/wp-content\/uploads\/2024\/10\/web-developer-04.jpg","thumbnail-image-url":"https:\/\/websitedemos.net\/wp-content\/uploads\/2024\/10\/web-developer-04-600x2478.jpg","fullpage-thumbnail-image-url":"https:\/\/websitedemos.net\/wp-content\/uploads\/2024\/10\/web-developer-04-400x1652.jpg","astra-site-url":"\/\/websitedemos.net\/web-developer-04","astra-site-parent-id":3621,"astra-sites-tag":{"3112":"developer","1020":"personal","3124":"personal-portfolio","1903":"personal-website","444":"portfolio","3123":"web","3122":"web-developer","3111":"webdesigner","3106":"webdeveloper"},"astra-sites-type":"premium","astra-site-category":{"27":"business"},"astra-sites-template-category":{"2770":"personal","2768":"portfolio"},"astra-site-page-builder":"elementor","categories":{"3427":"default","2488":"portfolio","3429":"premium"},"required-plugins":[{"slug":"elementor","init":"elementor\/elementor.php","name":"Elementor"}],"post-status":"publish","post-content":"<!-- wp:paragraph -->\n<p>Using the Web Developer portfolio template is your time to shine. It\u2019s faster than building from scratch and delivers the same quality you want to be known for. It\u2019s an attractive design with bold colors, modern typography and lots of interest.<\/p>\n<!-- \/wp:paragraph -->\n\n<!-- wp:paragraph -->\n<p>The design can be fully customized to fit your tastes using built-in tools or your favorite page builder. It\u2019s one of the most flexible templates you can use and what better way to showcase your skills than something that looks this good?<\/p>\n<!-- \/wp:paragraph -->\n\n<!-- wp:heading -->\n<h2 class=\"wp-block-heading\">Key features of the Web Developer template<\/h2>\n<!-- \/wp:heading -->\n\n<!-- wp:list -->\n<ul class=\"wp-block-list\"><!-- wp:list-item -->\n<li>Attractive portfolio theme for professionals<\/li>\n<!-- \/wp:list-item -->\n\n<!-- wp:list-item -->\n<li>Great use of color and typography<\/li>\n<!-- \/wp:list-item -->\n\n<!-- wp:list-item -->\n<li>Flexible enough to be personalized with ease<\/li>\n<!-- \/wp:list-item -->\n\n<!-- wp:list-item -->\n<li>SEO friendly and fully responsive<\/li>\n<!-- \/wp:list-item -->\n\n<!-- wp:list-item -->\n<li>Full compatibility with leading page builders<\/li>\n<!-- \/wp:list-item --><\/ul>\n<!-- \/wp:list -->","post-excerpt":"The Web Developer template is ideal for innovative developers, design agencies, and tech startups.","pages":{"id-92975":{"title":"Home","featured-image-url":"https:\/\/websitedemos.net\/wp-content\/uploads\/2024\/10\/web-developer-04.jpg","thumbnail-image-url":"https:\/\/websitedemos.net\/wp-content\/uploads\/2024\/10\/web-developer-04-600x2478.jpg","astra-page-api-url":"https:\/\/websitedemos.net\/web-developer-04\/wp-json\/wp\/v2\/pages\/6","dynamic-page":"no","astra-page-url":"\/\/websitedemos.net\/web-developer-04\/","astra-sites-tag":{"423":"home"},"site-pages-type":"premium","site-pages-page-builder":"elementor","site-pages-category":[],"site-pages-parent-category":{"60":"business"},"required-plugins":[{"slug":"elementor","init":"elementor\/elementor.php","name":"Elementor"}]}},"related-bb-template":"","related-elementor-template":92974,"related-gutenberg-template":74914,"related_ecommerce_template":"","ecommerce_parent_template":""},"id-73550":{"title":"Ursula Jones &#8211; Traveller","id":73550,"publish-date":1681833186,"featured-image-url":"https:\/\/websitedemos.net\/wp-content\/uploads\/2023\/04\/ursulajones-traveller.jpg","thumbnail-image-url":"https:\/\/websitedemos.net\/wp-content\/uploads\/2023\/04\/ursulajones-traveller-600x900.jpg","fullpage-thumbnail-image-url":"https:\/\/websitedemos.net\/wp-content\/uploads\/2023\/04\/ursulajones-traveller-400x600.jpg","astra-site-url":"\/\/websitedemos.net\/ursulajones-traveller-index-bio-02","astra-site-parent-id":3190,"astra-sites-tag":{"1918":"beach","1023":"beauty","3064":"life","541":"mountains","3181":"sunset","427":"travel","3179":"travel-photography","3178":"traveller","3180":"travelling","3182":"traveltheworld"},"astra-sites-type":"free","astra-site-category":{"39":"free"},"astra-sites-template-category":{"3171":"link-in-bio","2770":"personal","2768":"portfolio"},"astra-site-page-builder":"elementor","categories":{"3427":"default","3428":"free","3191":"link-in-bio","3433":"modern","2927":"one-page","2488":"portfolio"},"required-plugins":[{"slug":"elementor","init":"elementor\/elementor.php","name":"Elementor"}],"post-status":"publish","post-content":"<!-- wp:paragraph -->\n<p>The Social Media Travel Influencer link in bio template is a flexible alternative to Linktree. It\u2019s good-looking, flexible, and fully responsive so it will look just as good on any device and screen size.<\/p>\n<!-- \/wp:paragraph -->\n\n<!-- wp:paragraph -->\n<p>Link in bio pages are the latest way to show off your work. They are simple landing pages where you can share your links and gather an audience, and the Social Media Travel Influencer link in bio template is the perfect way to do it!<\/p>\n<!-- \/wp:paragraph -->\n\n<!-- wp:heading -->\n<h2>Key features of the Social Media Travel Influencer link in bio template<\/h2>\n<!-- \/wp:heading -->\n\n<!-- wp:list -->\n<ul><!-- wp:list-item -->\n<li>Attractive Landing tree alternative<\/li>\n<!-- \/wp:list-item -->\n\n<!-- wp:list-item -->\n<li>Fully responsive and works well on any screen size<\/li>\n<!-- \/wp:list-item -->\n\n<!-- wp:list-item -->\n<li>Fully customizable using built-in tools<\/li>\n<!-- \/wp:list-item -->\n\n<!-- wp:list-item -->\n<li>Flexible content and link areas<\/li>\n<!-- \/wp:list-item -->\n\n<!-- wp:list-item -->\n<li>Full compatibility with leading page builders<\/li>\n<!-- \/wp:list-item --><\/ul>\n<!-- \/wp:list -->","post-excerpt":"The Social Media Travel Influencer link in bio template has everything to attract attention!","pages":{"id-73551":{"title":"Home","featured-image-url":"https:\/\/websitedemos.net\/wp-content\/uploads\/2023\/04\/ursulajones-traveller-index-bio-02.jpg","thumbnail-image-url":"https:\/\/websitedemos.net\/wp-content\/uploads\/2023\/04\/ursulajones-traveller-index-bio-02-600x347.jpg","astra-page-api-url":"https:\/\/websitedemos.net\/ursulajones-traveller-index-bio-02\/wp-json\/wp\/v2\/pages\/5","dynamic-page":"no","astra-page-url":"\/\/websitedemos.net\/ursulajones-traveller-index-bio-02\/","astra-sites-tag":{"423":"home"},"site-pages-type":"free","site-pages-page-builder":"elementor","site-pages-category":[],"site-pages-parent-category":{"61":"free"},"required-plugins":[{"slug":"elementor","init":"elementor\/elementor.php","name":"Elementor"}]}},"related-bb-template":"","related-elementor-template":"","related-gutenberg-template":"","related_ecommerce_template":"","ecommerce_parent_template":""},"id-73411":{"title":"Artist Multipurpose","id":73411,"publish-date":1681496599,"featured-image-url":"https:\/\/websitedemos.net\/wp-content\/uploads\/2023\/04\/artist-multipurpose-02-1.jpg","thumbnail-image-url":"https:\/\/websitedemos.net\/wp-content\/uploads\/2023\/04\/artist-multipurpose-02-1-600x1546.jpg","fullpage-thumbnail-image-url":"https:\/\/websitedemos.net\/wp-content\/uploads\/2023\/04\/artist-multipurpose-02-1-400x1030.jpg","astra-site-url":"\/\/websitedemos.net\/artist-multipurpose-02","astra-site-parent-id":3140,"astra-sites-tag":{"1511":"artisan","339":"artist","2299":"artist-portfolio","2456":"generic","2667":"generic-template","1526":"multi-purpose","2493":"multipurpose","614":"painter","2284":"painter-artist","1512":"painting","861":"paintings","3013":"template","2726":"visual-artist"},"astra-sites-type":"free","astra-site-category":{"39":"free","36":"other"},"astra-sites-template-category":{"2802":"artist","2791":"creative","2860":"multipurpose","2770":"personal","2797":"simple-minimal"},"astra-site-page-builder":"elementor","categories":{"2486":"art-music","3427":"default","3428":"free","2500":"multipurpose","2488":"portfolio"},"required-plugins":[{"slug":"elementor","init":"elementor\/elementor.php","name":"Elementor"},{"slug":"wpforms-lite","init":"wpforms-lite\/wpforms.php","name":"WPForms Lite"}],"post-status":"publish","post-content":"<!-- wp:paragraph -->\n<p>The Artist Generic Multipurpose template is a classy design ideal for showing off your creative work, building an online portfolio, and sharing your story with the world. If you\u2019re looking to attract sponsors, and clients or build a community, this is the template you need.<\/p>\n<!-- \/wp:paragraph -->\n\n<!-- wp:paragraph -->\n<p>The design is trendy, with a soft background color, a free-flowing layout, and a subtle parallax effect. There are content blocks throughout as well as a large portfolio section and an attractive gallery page to showcase your work.<\/p>\n<!-- \/wp:paragraph -->\n\n<!-- wp:heading {\"UAGDay\":[]} -->\n<h2 class=\"wp-block-heading\">Key features of the Artist Generic Multipurpose template<\/h2>\n<!-- \/wp:heading -->\n\n<!-- wp:list -->\n<ul><!-- wp:list-item -->\n<li>Classy modern design with instant engagement<\/li>\n<!-- \/wp:list-item -->\n\n<!-- wp:list-item -->\n<li>Frameless layout works amazingly well<\/li>\n<!-- \/wp:list-item -->\n\n<!-- wp:list-item -->\n<li>Attractive portfolio sections and gallery page<\/li>\n<!-- \/wp:list-item -->\n\n<!-- wp:list-item -->\n<li>Fully responsive and SEO-friendly<\/li>\n<!-- \/wp:list-item -->\n\n<!-- wp:list-item -->\n<li>Full compatibility with leading page builders<\/li>\n<!-- \/wp:list-item --><\/ul>\n<!-- \/wp:list -->","post-excerpt":"The Artist Generic Multipurpose template is all the portfolio you need to share your work","pages":{"id-73415":{"title":"Home","featured-image-url":"https:\/\/websitedemos.net\/wp-content\/uploads\/2023\/04\/artist-multipurpose-02.jpg","thumbnail-image-url":"https:\/\/websitedemos.net\/wp-content\/uploads\/2023\/04\/artist-multipurpose-02-600x1546.jpg","astra-page-api-url":"https:\/\/websitedemos.net\/artist-multipurpose-02\/wp-json\/wp\/v2\/pages\/8","dynamic-page":"no","astra-page-url":"\/\/websitedemos.net\/artist-multipurpose-02\/","astra-sites-tag":{"423":"home"},"site-pages-type":"free","site-pages-page-builder":"elementor","site-pages-category":[],"site-pages-parent-category":{"61":"free","139":"other"},"required-plugins":[{"slug":"elementor","init":"elementor\/elementor.php","name":"Elementor"}]},"id-73412":{"title":"About","featured-image-url":"https:\/\/websitedemos.net\/wp-content\/uploads\/2023\/04\/artist-multipurpose-02-about.jpg","thumbnail-image-url":"https:\/\/websitedemos.net\/wp-content\/uploads\/2023\/04\/artist-multipurpose-02-about-600x1198.jpg","astra-page-api-url":"https:\/\/websitedemos.net\/artist-multipurpose-02\/wp-json\/wp\/v2\/pages\/11","dynamic-page":"no","astra-page-url":"\/\/websitedemos.net\/artist-multipurpose-02\/about\/","astra-sites-tag":{"352":"about"},"site-pages-type":"free","site-pages-page-builder":"elementor","site-pages-category":[],"site-pages-parent-category":{"61":"free","139":"other"},"required-plugins":[{"slug":"elementor","init":"elementor\/elementor.php","name":"Elementor"}]},"id-73414":{"title":"Gallery","featured-image-url":"https:\/\/websitedemos.net\/wp-content\/uploads\/2023\/04\/artist-multipurpose-02-gallery.jpg","thumbnail-image-url":"https:\/\/websitedemos.net\/wp-content\/uploads\/2023\/04\/artist-multipurpose-02-gallery-600x793.jpg","astra-page-api-url":"https:\/\/websitedemos.net\/artist-multipurpose-02\/wp-json\/wp\/v2\/pages\/13","dynamic-page":"no","astra-page-url":"\/\/websitedemos.net\/artist-multipurpose-02\/gallery\/","astra-sites-tag":{"461":"gallery"},"site-pages-type":"free","site-pages-page-builder":"elementor","site-pages-category":[],"site-pages-parent-category":{"61":"free","139":"other"},"required-plugins":[{"slug":"elementor","init":"elementor\/elementor.php","name":"Elementor"}]},"id-73413":{"title":"Contact","featured-image-url":"https:\/\/websitedemos.net\/wp-content\/uploads\/2023\/04\/artist-multipurpose-02-contact.jpg","thumbnail-image-url":"https:\/\/websitedemos.net\/wp-content\/uploads\/2023\/04\/artist-multipurpose-02-contact-600x654.jpg","astra-page-api-url":"https:\/\/websitedemos.net\/artist-multipurpose-02\/wp-json\/wp\/v2\/pages\/15","dynamic-page":"no","astra-page-url":"\/\/websitedemos.net\/artist-multipurpose-02\/contact\/","astra-sites-tag":{"415":"contact"},"site-pages-type":"free","site-pages-page-builder":"elementor","site-pages-category":[],"site-pages-parent-category":{"61":"free","139":"other"},"required-plugins":[{"slug":"elementor","init":"elementor\/elementor.php","name":"Elementor"},{"slug":"wpforms-lite","init":"wpforms-lite\/wpforms.php","name":"WPForms Lite"}]}},"related-bb-template":"","related-elementor-template":73411,"related-gutenberg-template":93592,"related_ecommerce_template":"","ecommerce_parent_template":""},"id-93012":{"title":"Tours","id":93012,"publish-date":1727801475,"featured-image-url":"https:\/\/websitedemos.net\/wp-content\/uploads\/2024\/10\/tourss-04.jpg","thumbnail-image-url":"https:\/\/websitedemos.net\/wp-content\/uploads\/2024\/10\/tourss-04-600x3418.jpg","fullpage-thumbnail-image-url":"https:\/\/websitedemos.net\/wp-content\/uploads\/2024\/10\/tourss-04-400x2279.jpg","astra-site-url":"\/\/websitedemos.net\/tours-04","astra-site-parent-id":3624,"astra-sites-tag":{"2073":"accommodation","2076":"apartments-hostels","1534":"bnb","2078":"business-hotel","2189":"guest-house","2080":"homestay","350":"hotel","2081":"island-resort","2082":"luxury-hotel","714":"resort","2077":"tour-company","430":"tourism","427":"travel","428":"travel-agency","2075":"travel-services","2083":"urban-bb","2084":"vacation-rental"},"astra-sites-type":"premium","astra-site-category":{"27":"business"},"astra-sites-template-category":{"2777":"business","2788":"hotel-bnb","2775":"travel-tourism"},"astra-site-page-builder":"elementor","categories":{"3427":"default","2498":"hotel-travel","3429":"premium"},"required-plugins":[{"slug":"elementor","init":"elementor\/elementor.php","name":"Elementor"}],"post-status":"publish","post-content":"<!-- wp:paragraph -->\n<p>The Tours template has been designed to appeal to vacationers and explorers. It\u2019s playful and engaging, making it ideal for holiday companies, tour operators, cruise lines, vacation rentals and similar businesses.\u00a0<\/p>\n<!-- \/wp:paragraph -->\n\n<!-- wp:paragraph -->\n<p>The main demo uses dark design but there are light options too. Everything you see can be customized to fit your needs, including colors, fonts, navigation and all you see on the page. It\u2019s an incredibly flexible design that could work well for leisure or travel businesses.<br><\/p>\n<!-- \/wp:paragraph -->\n\n<!-- wp:heading -->\n<h2 class=\"wp-block-heading\">Key features of the Tours template<\/h2>\n<!-- \/wp:heading -->\n\n<!-- wp:list -->\n<ul class=\"wp-block-list\"><!-- wp:list-item -->\n<li>Ideal for vacation, travel or tour operators<\/li>\n<!-- \/wp:list-item -->\n\n<!-- wp:list-item -->\n<li>Engaging design with lots of character<\/li>\n<!-- \/wp:list-item -->\n\n<!-- wp:list-item -->\n<li>Includes essential elements for vacation businesses<\/li>\n<!-- \/wp:list-item -->\n\n<!-- wp:list-item -->\n<li>SEO friendly and fully responsive<\/li>\n<!-- \/wp:list-item -->\n\n<!-- wp:list-item -->\n<li>Full compatibility with leading page builders<\/li>\n<!-- \/wp:list-item --><\/ul>\n<!-- \/wp:list -->","post-excerpt":"The Tours template is ideal for travel agencies, tour operators, and adventure guides.","pages":{"id-93015":{"title":"Home","featured-image-url":"https:\/\/websitedemos.net\/wp-content\/uploads\/2024\/10\/tourss-04.jpg","thumbnail-image-url":"https:\/\/websitedemos.net\/wp-content\/uploads\/2024\/10\/tourss-04-600x3418.jpg","astra-page-api-url":"https:\/\/websitedemos.net\/tours-04\/wp-json\/wp\/v2\/pages\/6","dynamic-page":"no","astra-page-url":"\/\/websitedemos.net\/tours-04\/","astra-sites-tag":{"423":"home"},"site-pages-type":"premium","site-pages-page-builder":"elementor","site-pages-category":[],"site-pages-parent-category":{"60":"business"},"required-plugins":[{"slug":"elementor","init":"elementor\/elementor.php","name":"Elementor"}]},"id-93013":{"title":"About","featured-image-url":"https:\/\/websitedemos.net\/wp-content\/uploads\/2024\/10\/tourss-04-about.jpg","thumbnail-image-url":"https:\/\/websitedemos.net\/wp-content\/uploads\/2024\/10\/tourss-04-about-600x1172.jpg","astra-page-api-url":"https:\/\/websitedemos.net\/tours-04\/wp-json\/wp\/v2\/pages\/11","dynamic-page":"no","astra-page-url":"\/\/websitedemos.net\/tours-04\/about\/","astra-sites-tag":{"352":"about"},"site-pages-type":"premium","site-pages-page-builder":"elementor","site-pages-category":[],"site-pages-parent-category":{"60":"business"},"required-plugins":[{"slug":"elementor","init":"elementor\/elementor.php","name":"Elementor"}]},"id-93014":{"title":"Contact","featured-image-url":"https:\/\/websitedemos.net\/wp-content\/uploads\/2024\/10\/tourss-04-contact.jpg","thumbnail-image-url":"https:\/\/websitedemos.net\/wp-content\/uploads\/2024\/10\/tourss-04-contact-600x902.jpg","astra-page-api-url":"https:\/\/websitedemos.net\/tours-04\/wp-json\/wp\/v2\/pages\/13","dynamic-page":"no","astra-page-url":"\/\/websitedemos.net\/tours-04\/contact\/","astra-sites-tag":{"415":"contact"},"site-pages-type":"premium","site-pages-page-builder":"elementor","site-pages-category":[],"site-pages-parent-category":{"60":"business"},"required-plugins":[{"slug":"elementor","init":"elementor\/elementor.php","name":"Elementor"}]},"id-93016":{"title":"Tours","featured-image-url":"https:\/\/websitedemos.net\/wp-content\/uploads\/2024\/10\/tourss-04-tour.jpg","thumbnail-image-url":"https:\/\/websitedemos.net\/wp-content\/uploads\/2024\/10\/tourss-04-tour-600x1751.jpg","astra-page-api-url":"https:\/\/websitedemos.net\/tours-04\/wp-json\/wp\/v2\/pages\/9","dynamic-page":"no","astra-page-url":"\/\/websitedemos.net\/tours-04\/tours\/","astra-sites-tag":{"3346":"tours"},"site-pages-type":"premium","site-pages-page-builder":"elementor","site-pages-category":[],"site-pages-parent-category":{"60":"business"},"required-plugins":[{"slug":"elementor","init":"elementor\/elementor.php","name":"Elementor"}]}},"related-bb-template":"","related-elementor-template":93012,"related-gutenberg-template":75007,"related_ecommerce_template":"","ecommerce_parent_template":""},"id-19884":{"title":"Outdoor Adventure","id":19884,"publish-date":1544174928,"featured-image-url":"https:\/\/websitedemos.net\/wp-content\/uploads\/2019\/07\/outdoor-adventure-home-screenshot.png","thumbnail-image-url":"https:\/\/websitedemos.net\/wp-content\/uploads\/2019\/07\/outdoor-adventure-home-screenshot.png","fullpage-thumbnail-image-url":"https:\/\/websitedemos.net\/wp-content\/uploads\/2019\/07\/outdoor-adventure-home-screenshot.png","astra-site-url":"\/\/websitedemos.net\/outdoor-adventure-01","astra-site-parent-id":184,"astra-sites-tag":{"544":"adventure","545":"camping","543":"extreme-sports","541":"mountains","542":"park","546":"sports"},"astra-sites-type":"free","astra-site-category":{"27":"business","39":"free"},"astra-sites-template-category":[],"astra-site-page-builder":"beaver-builder","categories":{"2500":"multipurpose"},"required-plugins":[{"slug":"beaver-builder-lite-version","init":"beaver-builder-lite-version\/fl-builder.php","name":"Beaver Builder Plugin (Lite Version)"},{"slug":"ultimate-addons-for-beaver-builder-lite","init":"ultimate-addons-for-beaver-builder-lite\/bb-ultimate-addon.php","name":"Ultimate Addons for Beaver Builder - Lite"},{"slug":"wpforms-lite","init":"wpforms-lite\/wpforms.php","name":"WPForms Lite"}],"post-status":"publish","post-content":"","post-excerpt":"","pages":{"id-23776":{"title":"Home","featured-image-url":"https:\/\/websitedemos.net\/wp-content\/uploads\/2019\/07\/outdoor-adventure-home-screenshot.png","thumbnail-image-url":"https:\/\/websitedemos.net\/wp-content\/uploads\/2019\/07\/outdoor-adventure-home-screenshot.png","astra-page-api-url":"https:\/\/websitedemos.net\/outdoor-adventure-01\/wp-json\/wp\/v2\/pages\/271","dynamic-page":"no","astra-page-url":"\/\/websitedemos.net\/outdoor-adventure-01\/","astra-sites-tag":{"423":"home"},"site-pages-type":"free","site-pages-page-builder":"beaver-builder","site-pages-category":[],"site-pages-parent-category":{"60":"business","61":"free"},"required-plugins":[{"slug":"beaver-builder-lite-version","init":"beaver-builder-lite-version\/fl-builder.php","name":"Beaver Builder Plugin (Lite Version)"},{"slug":"ultimate-addons-for-beaver-builder-lite","init":"ultimate-addons-for-beaver-builder-lite\/bb-ultimate-addon.php","name":"Ultimate Addons for Beaver Builder - Lite"}]},"id-23769":{"title":"About","featured-image-url":"https:\/\/websitedemos.net\/wp-content\/uploads\/2019\/07\/outdoor-adventure-about-screenshot.png","thumbnail-image-url":"https:\/\/websitedemos.net\/wp-content\/uploads\/2019\/07\/outdoor-adventure-about-screenshot.png","astra-page-api-url":"https:\/\/websitedemos.net\/outdoor-adventure-01\/wp-json\/wp\/v2\/pages\/5","dynamic-page":"no","astra-page-url":"\/\/websitedemos.net\/outdoor-adventure-01\/about\/","astra-sites-tag":{"352":"about"},"site-pages-type":"free","site-pages-page-builder":"beaver-builder","site-pages-category":[],"site-pages-parent-category":{"60":"business","61":"free"},"required-plugins":[{"slug":"beaver-builder-lite-version","init":"beaver-builder-lite-version\/fl-builder.php","name":"Beaver Builder Plugin (Lite Version)"},{"slug":"ultimate-addons-for-beaver-builder-lite","init":"ultimate-addons-for-beaver-builder-lite\/bb-ultimate-addon.php","name":"Ultimate Addons for Beaver Builder - Lite"}]},"id-23781":{"title":"Services","featured-image-url":"https:\/\/websitedemos.net\/wp-content\/uploads\/2019\/07\/outdoor-adventure-services-screenshot.png","thumbnail-image-url":"https:\/\/websitedemos.net\/wp-content\/uploads\/2019\/07\/outdoor-adventure-services-screenshot.png","astra-page-api-url":"https:\/\/websitedemos.net\/outdoor-adventure-01\/wp-json\/wp\/v2\/pages\/6","dynamic-page":"no","astra-page-url":"\/\/websitedemos.net\/outdoor-adventure-01\/services\/","astra-sites-tag":{"425":"services"},"site-pages-type":"free","site-pages-page-builder":"beaver-builder","site-pages-category":[],"site-pages-parent-category":{"60":"business","61":"free"},"required-plugins":[{"slug":"beaver-builder-lite-version","init":"beaver-builder-lite-version\/fl-builder.php","name":"Beaver Builder Plugin (Lite Version)"},{"slug":"ultimate-addons-for-beaver-builder-lite","init":"ultimate-addons-for-beaver-builder-lite\/bb-ultimate-addon.php","name":"Ultimate Addons for Beaver Builder - Lite"}]},"id-23780":{"title":"Projects","featured-image-url":"https:\/\/websitedemos.net\/wp-content\/uploads\/2019\/07\/outdoor-adventure-projects-screenshot.png","thumbnail-image-url":"https:\/\/websitedemos.net\/wp-content\/uploads\/2019\/07\/outdoor-adventure-projects-screenshot.png","astra-page-api-url":"https:\/\/websitedemos.net\/outdoor-adventure-01\/wp-json\/wp\/v2\/pages\/7","dynamic-page":"no","astra-page-url":"\/\/websitedemos.net\/outdoor-adventure-01\/projects\/","astra-sites-tag":{"424":"project"},"site-pages-type":"free","site-pages-page-builder":"beaver-builder","site-pages-category":[],"site-pages-parent-category":{"60":"business","61":"free"},"required-plugins":[{"slug":"beaver-builder-lite-version","init":"beaver-builder-lite-version\/fl-builder.php","name":"Beaver Builder Plugin (Lite Version)"},{"slug":"ultimate-addons-for-beaver-builder-lite","init":"ultimate-addons-for-beaver-builder-lite\/bb-ultimate-addon.php","name":"Ultimate Addons for Beaver Builder - Lite"}]},"id-23772":{"title":"Contact","featured-image-url":"https:\/\/websitedemos.net\/wp-content\/uploads\/2019\/07\/outdoor-adventure-contact-screenshot.png","thumbnail-image-url":"https:\/\/websitedemos.net\/wp-content\/uploads\/2019\/07\/id-23772-outdoor-adventure-contact-resize.jpg","astra-page-api-url":"https:\/\/websitedemos.net\/outdoor-adventure-01\/wp-json\/wp\/v2\/pages\/8","dynamic-page":"no","astra-page-url":"\/\/websitedemos.net\/outdoor-adventure-01\/contact\/","astra-sites-tag":{"415":"contact"},"site-pages-type":"free","site-pages-page-builder":"beaver-builder","site-pages-category":[],"site-pages-parent-category":{"60":"business","61":"free"},"required-plugins":[{"slug":"beaver-builder-lite-version","init":"beaver-builder-lite-version\/fl-builder.php","name":"Beaver Builder Plugin (Lite Version)"},{"slug":"ultimate-addons-for-beaver-builder-lite","init":"ultimate-addons-for-beaver-builder-lite\/bb-ultimate-addon.php","name":"Ultimate Addons for Beaver Builder - Lite"},{"slug":"wpforms-lite","init":"wpforms-lite\/wpforms.php","name":"WPForms Lite"}]}},"related-bb-template":"","related-elementor-template":"","related-gutenberg-template":"","related_ecommerce_template":"","ecommerce_parent_template":""},"id-71238":{"title":"Game Dev Studio","id":71238,"publish-date":1672852753,"featured-image-url":"https:\/\/websitedemos.net\/wp-content\/uploads\/2023\/05\/game-dev-studio-07.jpg","thumbnail-image-url":"https:\/\/websitedemos.net\/wp-content\/uploads\/2023\/05\/game-dev-studio-07-600x2839.jpg","fullpage-thumbnail-image-url":"https:\/\/websitedemos.net\/wp-content\/uploads\/2023\/05\/game-dev-studio-07-400x1892.jpg","astra-site-url":"\/\/websitedemos.net\/game-dev-studio-04","astra-site-parent-id":3071,"astra-sites-tag":{"3416":"elementor","652":"game","3073":"game-development","3077":"gamedesign","3074":"gamedev","3075":"gamedeveloper","3072":"gaming","1844":"premium","1510":"studio","3076":"videogames"},"astra-sites-type":"agency-mini","astra-site-category":{"27":"business"},"astra-sites-template-category":{"2777":"business","2791":"creative","2768":"portfolio","2779":"software-company"},"astra-site-page-builder":"elementor","categories":{"3430":"dark","3427":"default","3432":"game","3429":"premium","2499":"technology"},"required-plugins":[{"slug":"elementor","init":"elementor\/elementor.php","name":"Elementor"},{"slug":"wpforms-lite","init":"wpforms-lite\/wpforms.php","name":"WPForms Lite"}],"post-status":"publish","post-content":"<!-- wp:paragraph -->\n<p>The Game Dev Studio template has everything a development studio needs in a website. Content boxes, fullscreen design with amazing background images, blocks to showcase your games and extra areas to help you tell your story.<\/p>\n<!-- \/wp:paragraph -->\n\n<!-- wp:paragraph -->\n<p>The Game Dev Studio template is a dark design with colorful images, bright modern fonts and a mix of common content areas. There are options to highlight new releases, updates, blog posts and share your story throughout the theme.<\/p>\n<!-- \/wp:paragraph -->\n\n<!-- wp:heading {\"UAGDay\":[]} -->\n<h2 class=\"wp-block-heading\">Key features of the Game Dev Studio template<\/h2>\n<!-- \/wp:heading -->\n\n<!-- wp:list -->\n<ul><!-- wp:list-item -->\n<li>Modern Game Dev Studio website design ideal for the niche<\/li>\n<!-- \/wp:list-item -->\n\n<!-- wp:list-item -->\n<li>Dark design with colorful imagery throughout<\/li>\n<!-- \/wp:list-item -->\n\n<!-- wp:list-item -->\n<li>Flexible content areas that can be customized to suit<\/li>\n<!-- \/wp:list-item -->\n\n<!-- wp:list-item -->\n<li>Lots of optional page elements to create a unique experience<\/li>\n<!-- \/wp:list-item -->\n\n<!-- wp:list-item -->\n<li>Full compatibility with leading page builders<\/li>\n<!-- \/wp:list-item --><\/ul>\n<!-- \/wp:list -->","post-excerpt":"Powerful Game Dev Studio template designed to appeal to the niche","pages":{"id-71241":{"title":"Home","featured-image-url":"https:\/\/websitedemos.net\/wp-content\/uploads\/2023\/01\/game-dev-studio-04.jpg","thumbnail-image-url":"https:\/\/websitedemos.net\/wp-content\/uploads\/2023\/01\/game-dev-studio-04-600x2821.jpg","astra-page-api-url":"https:\/\/websitedemos.net\/game-dev-studio-04\/wp-json\/wp\/v2\/pages\/8","dynamic-page":"no","astra-page-url":"\/\/websitedemos.net\/game-dev-studio-04\/","astra-sites-tag":{"423":"home"},"site-pages-type":"agency-mini","site-pages-page-builder":"elementor","site-pages-category":[],"site-pages-parent-category":{"60":"business"},"required-plugins":[{"slug":"elementor","init":"elementor\/elementor.php","name":"Elementor"}]},"id-71239":{"title":"About","featured-image-url":"https:\/\/websitedemos.net\/wp-content\/uploads\/2023\/01\/game-dev-studio-04-about.jpg","thumbnail-image-url":"https:\/\/websitedemos.net\/wp-content\/uploads\/2023\/01\/game-dev-studio-04-about-600x2701.jpg","astra-page-api-url":"https:\/\/websitedemos.net\/game-dev-studio-04\/wp-json\/wp\/v2\/pages\/16","dynamic-page":"no","astra-page-url":"\/\/websitedemos.net\/game-dev-studio-04\/about\/","astra-sites-tag":{"352":"about"},"site-pages-type":"agency-mini","site-pages-page-builder":"elementor","site-pages-category":[],"site-pages-parent-category":{"60":"business"},"required-plugins":[{"slug":"elementor","init":"elementor\/elementor.php","name":"Elementor"}]},"id-71242":{"title":"Projects","featured-image-url":"https:\/\/websitedemos.net\/wp-content\/uploads\/2023\/01\/game-dev-studio-04-projects.jpg","thumbnail-image-url":"https:\/\/websitedemos.net\/wp-content\/uploads\/2023\/01\/game-dev-studio-04-projects-600x1465.jpg","astra-page-api-url":"https:\/\/websitedemos.net\/game-dev-studio-04\/wp-json\/wp\/v2\/pages\/14","dynamic-page":"no","astra-page-url":"\/\/websitedemos.net\/game-dev-studio-04\/projects\/","astra-sites-tag":{"1613":"projects"},"site-pages-type":"agency-mini","site-pages-page-builder":"elementor","site-pages-category":[],"site-pages-parent-category":{"60":"business"},"required-plugins":[{"slug":"elementor","init":"elementor\/elementor.php","name":"Elementor"}]},"id-71240":{"title":"Contact","featured-image-url":"https:\/\/websitedemos.net\/wp-content\/uploads\/2023\/01\/game-dev-studio-04-contact.jpg","thumbnail-image-url":"https:\/\/websitedemos.net\/wp-content\/uploads\/2023\/01\/game-dev-studio-04-contact-600x919.jpg","astra-page-api-url":"https:\/\/websitedemos.net\/game-dev-studio-04\/wp-json\/wp\/v2\/pages\/18","dynamic-page":"no","astra-page-url":"\/\/websitedemos.net\/game-dev-studio-04\/contact\/","astra-sites-tag":{"415":"contact"},"site-pages-type":"agency-mini","site-pages-page-builder":"elementor","site-pages-category":[],"site-pages-parent-category":{"60":"business"},"required-plugins":[{"slug":"elementor","init":"elementor\/elementor.php","name":"Elementor"},{"slug":"wpforms-lite","init":"wpforms-lite\/wpforms.php","name":"WPForms Lite"}]}},"related-bb-template":"","related-elementor-template":71238,"related-gutenberg-template":73637,"related_ecommerce_template":"","ecommerce_parent_template":""},"id-59589":{"title":"Lotus Spa","id":59589,"publish-date":1646330912,"featured-image-url":"https:\/\/websitedemos.net\/wp-content\/uploads\/2022\/03\/lotus-spa-02home.jpg","thumbnail-image-url":"https:\/\/websitedemos.net\/wp-content\/uploads\/2022\/03\/lotus-spa-02home-600x2915.jpg","fullpage-thumbnail-image-url":"https:\/\/websitedemos.net\/wp-content\/uploads\/2022\/03\/lotus-spa-02home-400x1943.jpg","astra-site-url":"\/\/websitedemos.net\/lotus-spa-02","astra-site-parent-id":2638,"astra-sites-tag":{"2643":"ayurvedic-treatment","2642":"body-spa","2641":"curative-bath","3416":"elementor","2639":"lotus-spa","528":"massage","530":"spa","2640":"spa-club","2644":"spa-therapy","619":"wellness"},"astra-sites-type":"free","astra-site-category":{"27":"business","39":"free"},"astra-sites-template-category":{"2790":"beauty-fashion","2821":"feminine-girly","2822":"massage-therapy","2856":"spa"},"astra-site-page-builder":"elementor","categories":{"2479":"beauty","3427":"default","3434":"feminine","2480":"fitness-wellness","3428":"free"},"required-plugins":[{"slug":"elementor","init":"elementor\/elementor.php","name":"Elementor"},{"slug":"wpforms-lite","init":"wpforms-lite\/wpforms.php","name":"WPForms Lite"}],"post-status":"publish","post-content":"<!-- wp:paragraph -->\n<p>The Lotus Spa template is a feminine theme with a lovely blend of images and colors that suits the niche perfectly. The design is calm, confident and welcomes you as soon as you land.<\/p>\n<!-- \/wp:paragraph -->\n\n<!-- wp:paragraph -->\n<p>Every page reflects the core design with comfortable colors and fonts, effective imagery and the content blocks you expect to see on the page. Everything you see can be fully customized too.<\/p>\n<!-- \/wp:paragraph -->\n\n<!-- wp:heading -->\n<h2>Key features of the Lotus Spa template<\/h2>\n<!-- \/wp:heading -->\n\n<!-- wp:list -->\n<ul><!-- wp:list-item -->\n<li>Warm and welcoming design perfect for the niche<\/li>\n<!-- \/wp:list-item -->\n\n<!-- wp:list-item -->\n<li>Exceptional use of color, fonts and white space<\/li>\n<!-- \/wp:list-item -->\n\n<!-- wp:list-item -->\n<li>Lots of content blocks including product and service sections<\/li>\n<!-- \/wp:list-item -->\n\n<!-- wp:list-item -->\n<li>Effective contact page including map for ease of use<\/li>\n<!-- \/wp:list-item -->\n\n<!-- wp:list-item -->\n<li>Social media elements built into the design<\/li>\n<!-- \/wp:list-item -->\n\n<!-- wp:list-item -->\n<li>Fully compatible with drag and drop page builders<\/li>\n<!-- \/wp:list-item --><\/ul>\n<!-- \/wp:list -->","post-excerpt":"Relaxed spa template that\u2019s useful for many types of beauty or wellness business","pages":{"id-59592":{"title":"Home","featured-image-url":"https:\/\/websitedemos.net\/wp-content\/uploads\/2022\/03\/lotus-spa-02home.jpg","thumbnail-image-url":"https:\/\/websitedemos.net\/wp-content\/uploads\/2022\/03\/lotus-spa-02home-600x2915.jpg","astra-page-api-url":"https:\/\/websitedemos.net\/lotus-spa-02\/wp-json\/wp\/v2\/pages\/11","dynamic-page":"no","astra-page-url":"\/\/websitedemos.net\/lotus-spa-02\/","astra-sites-tag":{"423":"home"},"site-pages-type":"free","site-pages-page-builder":"elementor","site-pages-category":[],"site-pages-parent-category":{"60":"business","61":"free"},"required-plugins":[{"slug":"elementor","init":"elementor\/elementor.php","name":"Elementor"},{"slug":"wpforms-lite","init":"wpforms-lite\/wpforms.php","name":"WPForms Lite"}]},"id-59590":{"title":"About","featured-image-url":"https:\/\/websitedemos.net\/wp-content\/uploads\/2022\/03\/lotus-spa-02-about.jpg","thumbnail-image-url":"https:\/\/websitedemos.net\/wp-content\/uploads\/2022\/03\/lotus-spa-02-about-600x2079.jpg","astra-page-api-url":"https:\/\/websitedemos.net\/lotus-spa-02\/wp-json\/wp\/v2\/pages\/239","dynamic-page":"no","astra-page-url":"\/\/websitedemos.net\/lotus-spa-02\/about\/","astra-sites-tag":{"352":"about"},"site-pages-type":"free","site-pages-page-builder":"elementor","site-pages-category":[],"site-pages-parent-category":{"60":"business","61":"free"},"required-plugins":[{"slug":"elementor","init":"elementor\/elementor.php","name":"Elementor"}]},"id-59593":{"title":"Services","featured-image-url":"https:\/\/websitedemos.net\/wp-content\/uploads\/2022\/03\/lotus-spa-02-services.jpg","thumbnail-image-url":"https:\/\/websitedemos.net\/wp-content\/uploads\/2022\/03\/lotus-spa-02-services-600x2746.jpg","astra-page-api-url":"https:\/\/websitedemos.net\/lotus-spa-02\/wp-json\/wp\/v2\/pages\/467","dynamic-page":"no","astra-page-url":"\/\/websitedemos.net\/lotus-spa-02\/services\/","astra-sites-tag":{"425":"services"},"site-pages-type":"free","site-pages-page-builder":"elementor","site-pages-category":[],"site-pages-parent-category":{"60":"business","61":"free"},"required-plugins":[{"slug":"elementor","init":"elementor\/elementor.php","name":"Elementor"}]},"id-59591":{"title":"Contact","featured-image-url":"https:\/\/websitedemos.net\/wp-content\/uploads\/2022\/03\/lotus-spa-02-contact.jpg","thumbnail-image-url":"https:\/\/websitedemos.net\/wp-content\/uploads\/2022\/03\/lotus-spa-02-contact-600x931.jpg","astra-page-api-url":"https:\/\/websitedemos.net\/lotus-spa-02\/wp-json\/wp\/v2\/pages\/647","dynamic-page":"no","astra-page-url":"\/\/websitedemos.net\/lotus-spa-02\/contact\/","astra-sites-tag":{"415":"contact"},"site-pages-type":"free","site-pages-page-builder":"elementor","site-pages-category":[],"site-pages-parent-category":{"60":"business","61":"free"},"required-plugins":[{"slug":"elementor","init":"elementor\/elementor.php","name":"Elementor"},{"slug":"wpforms-lite","init":"wpforms-lite\/wpforms.php","name":"WPForms Lite"}]}},"related-bb-template":"","related-elementor-template":59589,"related-gutenberg-template":68139,"related_ecommerce_template":"","ecommerce_parent_template":""},"id-71556":{"title":"Finance &amp; Consulting","id":71556,"publish-date":1676369679,"featured-image-url":"https:\/\/websitedemos.net\/wp-content\/uploads\/2023\/02\/finance-consulting-04.jpg","thumbnail-image-url":"https:\/\/websitedemos.net\/wp-content\/uploads\/2023\/02\/finance-consulting-04-600x1996.jpg","fullpage-thumbnail-image-url":"https:\/\/websitedemos.net\/wp-content\/uploads\/2023\/02\/finance-consulting-04-400x1330.jpg","astra-site-url":"\/\/websitedemos.net\/finance-consulting-04","astra-site-parent-id":3091,"astra-sites-tag":{"447":"accountant","448":"accounting","581":"advice","2288":"business-consulting","449":"chartered-accountant","1898":"consulting","3416":"elementor","446":"finance","3092":"finance-consultant","582":"financial-investment","775":"investment-banking","1844":"premium"},"astra-sites-type":"agency-mini","astra-site-category":{"27":"business"},"astra-sites-template-category":{"2823":"accounting","2777":"business","2794":"consulting","2805":"finance","2866":"insurance","2831":"service"},"astra-site-page-builder":"elementor","categories":{"3427":"default","2481":"finance-service","3429":"premium"},"required-plugins":[{"slug":"elementor","init":"elementor\/elementor.php","name":"Elementor"},{"slug":"wpforms-lite","init":"wpforms-lite\/wpforms.php","name":"WPForms Lite"}],"post-status":"publish","post-content":"<!-- wp:paragraph -->\n<p>The Finance &amp; Consulting template uses a fullscreen design with bold colors and fonts to make a great first impression. The template includes all the primary pages you\u2019re likely to need including service pages, about, clients, a jobs page and contact page.<\/p>\n<!-- \/wp:paragraph -->\n\n<!-- wp:paragraph -->\n<p>The Finance &amp; Consulting template covers all the needs of a company in this niche. All page elements are fully customizable and you can add or remove as you see fit. With a couple of modest but impressive animations, this could be the only template you ever need.<\/p>\n<!-- \/wp:paragraph -->\n\n<!-- wp:heading {\"UAGDay\":[]} -->\n<h2 class=\"wp-block-heading\">Key features of the Finance &amp; Consulting template<\/h2>\n<!-- \/wp:heading -->\n\n<!-- wp:list -->\n<ul><!-- wp:list-item -->\n<li>Elegant design with an upscale feel ideal for the niche<\/li>\n<!-- \/wp:list-item -->\n\n<!-- wp:list-item -->\n<li>Attractive fullscreen design with customizable colors and typography<\/li>\n<!-- \/wp:list-item -->\n\n<!-- wp:list-item -->\n<li>Includes parallax scrolling and animations<\/li>\n<!-- \/wp:list-item -->\n\n<!-- wp:list-item -->\n<li>Entire template can be fully customized without touching code<\/li>\n<!-- \/wp:list-item -->\n\n<!-- wp:list-item -->\n<li>Full compatibility with leading page builders<\/li>\n<!-- \/wp:list-item --><\/ul>\n<!-- \/wp:list -->","post-excerpt":"Upscale Finance & Consulting template suitable for any business niche","pages":{"id-71561":{"title":"Home","featured-image-url":"https:\/\/websitedemos.net\/wp-content\/uploads\/2023\/02\/finance-consulting-04.jpg","thumbnail-image-url":"https:\/\/websitedemos.net\/wp-content\/uploads\/2023\/02\/finance-consulting-04-600x1996.jpg","astra-page-api-url":"https:\/\/websitedemos.net\/finance-consulting-04\/wp-json\/wp\/v2\/pages\/13","dynamic-page":"no","astra-page-url":"\/\/websitedemos.net\/finance-consulting-04\/","astra-sites-tag":{"423":"home"},"site-pages-type":"agency-mini","site-pages-page-builder":"elementor","site-pages-category":[],"site-pages-parent-category":{"60":"business"},"required-plugins":[{"slug":"elementor","init":"elementor\/elementor.php","name":"Elementor"}]},"id-71557":{"title":"About Us","featured-image-url":"https:\/\/websitedemos.net\/wp-content\/uploads\/2023\/02\/finance-consulting-04-about.jpg","thumbnail-image-url":"https:\/\/websitedemos.net\/wp-content\/uploads\/2023\/02\/finance-consulting-04-about-600x1581.jpg","astra-page-api-url":"https:\/\/websitedemos.net\/finance-consulting-04\/wp-json\/wp\/v2\/pages\/17","dynamic-page":"no","astra-page-url":"\/\/websitedemos.net\/finance-consulting-04\/about-us\/","astra-sites-tag":{"352":"about"},"site-pages-type":"agency-mini","site-pages-page-builder":"elementor","site-pages-category":[],"site-pages-parent-category":{"60":"business"},"required-plugins":[{"slug":"elementor","init":"elementor\/elementor.php","name":"Elementor"}]},"id-71562":{"title":"Services","featured-image-url":"https:\/\/websitedemos.net\/wp-content\/uploads\/2023\/02\/finance-consulting-04-service.jpg","thumbnail-image-url":"https:\/\/websitedemos.net\/wp-content\/uploads\/2023\/02\/finance-consulting-04-service-600x1450.jpg","astra-page-api-url":"https:\/\/websitedemos.net\/finance-consulting-04\/wp-json\/wp\/v2\/pages\/5","dynamic-page":"no","astra-page-url":"\/\/websitedemos.net\/finance-consulting-04\/home\/","astra-sites-tag":{"425":"services"},"site-pages-type":"agency-mini","site-pages-page-builder":"elementor","site-pages-category":[],"site-pages-parent-category":{"60":"business"},"required-plugins":[{"slug":"elementor","init":"elementor\/elementor.php","name":"Elementor"}]},"id-71558":{"title":"Careers","featured-image-url":"https:\/\/websitedemos.net\/wp-content\/uploads\/2023\/02\/finance-consulting-04-careers.jpg","thumbnail-image-url":"https:\/\/websitedemos.net\/wp-content\/uploads\/2023\/02\/finance-consulting-04-careers-600x1437.jpg","astra-page-api-url":"https:\/\/websitedemos.net\/finance-consulting-04\/wp-json\/wp\/v2\/pages\/21","dynamic-page":"no","astra-page-url":"\/\/websitedemos.net\/finance-consulting-04\/careers\/","astra-sites-tag":{"3093":"careers"},"site-pages-type":"agency-mini","site-pages-page-builder":"elementor","site-pages-category":[],"site-pages-parent-category":{"60":"business"},"required-plugins":[{"slug":"elementor","init":"elementor\/elementor.php","name":"Elementor"}]},"id-71559":{"title":"Clients","featured-image-url":"https:\/\/websitedemos.net\/wp-content\/uploads\/2023\/02\/finance-consulting-04-client.jpg","thumbnail-image-url":"https:\/\/websitedemos.net\/wp-content\/uploads\/2023\/02\/finance-consulting-04-client-600x1722.jpg","astra-page-api-url":"https:\/\/websitedemos.net\/finance-consulting-04\/wp-json\/wp\/v2\/pages\/19","dynamic-page":"no","astra-page-url":"\/\/websitedemos.net\/finance-consulting-04\/clients\/","astra-sites-tag":{"450":"clients"},"site-pages-type":"agency-mini","site-pages-page-builder":"elementor","site-pages-category":[],"site-pages-parent-category":{"60":"business"},"required-plugins":[{"slug":"elementor","init":"elementor\/elementor.php","name":"Elementor"}]},"id-71560":{"title":"Contact Us","featured-image-url":"https:\/\/websitedemos.net\/wp-content\/uploads\/2023\/02\/finance-consulting-04-contact-us.jpg","thumbnail-image-url":"https:\/\/websitedemos.net\/wp-content\/uploads\/2023\/02\/finance-consulting-04-contact-us-600x851.jpg","astra-page-api-url":"https:\/\/websitedemos.net\/finance-consulting-04\/wp-json\/wp\/v2\/pages\/23","dynamic-page":"no","astra-page-url":"\/\/websitedemos.net\/finance-consulting-04\/contact-us\/","astra-sites-tag":{"415":"contact"},"site-pages-type":"agency-mini","site-pages-page-builder":"elementor","site-pages-category":[],"site-pages-parent-category":{"60":"business"},"required-plugins":[{"slug":"elementor","init":"elementor\/elementor.php","name":"Elementor"},{"slug":"wpforms-lite","init":"wpforms-lite\/wpforms.php","name":"WPForms Lite"}]}},"related-bb-template":"","related-elementor-template":71556,"related-gutenberg-template":85456,"related_ecommerce_template":"","ecommerce_parent_template":""},"id-69429":{"title":"Blingg Jewelry","id":69429,"publish-date":1663782015,"featured-image-url":"https:\/\/websitedemos.net\/wp-content\/uploads\/2022\/09\/blingg-jewellery-04.jpg","thumbnail-image-url":"https:\/\/websitedemos.net\/wp-content\/uploads\/2022\/09\/blingg-jewellery-04-600x2006.jpg","fullpage-thumbnail-image-url":"https:\/\/websitedemos.net\/wp-content\/uploads\/2022\/09\/blingg-jewellery-04-400x1337.jpg","astra-site-url":"\/\/websitedemos.net\/blingg-jewelry-store-04","astra-site-parent-id":2911,"astra-sites-tag":{"496":"ecommerce","1817":"ecommerce-store","3416":"elementor","2912":"jewellery","2382":"jewellery-store","731":"jewelry","2529":"jewelry-store","2383":"online-jewellery-store","383":"online-store","1844":"premium","967":"product-store","2913":"ring","749":"store","1024":"woocommerce"},"astra-sites-type":"agency-mini","astra-site-category":{"38":"ecommerce"},"astra-sites-template-category":{"2769":"ecommerce","2838":"jewellery","2857":"online-shopping"},"astra-site-page-builder":"elementor","categories":{"3427":"default","2495":"ecommerce","3434":"feminine","3429":"premium"},"required-plugins":[{"slug":"astra-addon","init":"astra-addon\/astra-addon.php","name":"Astra Pro"},{"slug":"elementor","init":"elementor\/elementor.php","name":"Elementor"},{"slug":"woocommerce","init":"woocommerce\/woocommerce.php","name":"WooCommerce"},{"slug":"wpforms-lite","init":"wpforms-lite\/wpforms.php","name":"WPForms Lite"},{"slug":"checkout-plugins-stripe-woo","init":"checkout-plugins-stripe-woo\/checkout-plugins-stripe-woo.php","name":"Checkout Plugins - Stripe for WooCommerce"}],"post-status":"publish","post-content":"<!-- wp:paragraph -->\n<p>The Blingg Jewelry website template has an elegant feel ideal for jewelry or upmarket stores. Subtle colors, stylish fonts and great use of images and whitespace creates that feeling of luxury customers will love.<\/p>\n<!-- \/wp:paragraph -->\n\n<!-- wp:paragraph -->\n<p>The template includes simple navigation with a shopping cart at the top and lots of space in the page for products, special offers, featured products and confidence messages. All designed to encourage shoppers to explore and to buy.<\/p>\n<!-- \/wp:paragraph -->\n\n<!-- wp:heading {\"UAGDay\":[]} -->\n<h2 class=\"wp-block-heading\">Key features of the Blingg Jewelry template<\/h2>\n<!-- \/wp:heading -->\n\n<!-- wp:list -->\n<ul><!-- wp:list-item -->\n<li>Elegant eCommerce theme ideal for the luxury niche<\/li>\n<!-- \/wp:list-item -->\n\n<!-- wp:list-item -->\n<li>Superb layout with plenty of whitespace<\/li>\n<!-- \/wp:list-item -->\n\n<!-- wp:list-item -->\n<li>Multiple options for showcasing products<\/li>\n<!-- \/wp:list-item -->\n\n<!-- wp:list-item -->\n<li>Nice pastel colors and font choices<\/li>\n<!-- \/wp:list-item -->\n\n<!-- wp:list-item -->\n<li>Full compatibility with leading page builders<\/li>\n<!-- \/wp:list-item --><\/ul>\n<!-- \/wp:list -->","post-excerpt":"Stylish eCommerce template with a lot of upmarket touches to convert","pages":{"id-69432":{"title":"Home","featured-image-url":"https:\/\/websitedemos.net\/wp-content\/uploads\/2022\/09\/blingg-jewellery-04.jpg","thumbnail-image-url":"https:\/\/websitedemos.net\/wp-content\/uploads\/2022\/09\/blingg-jewellery-04-600x2006.jpg","astra-page-api-url":"https:\/\/websitedemos.net\/blingg-jewelry-store-04\/wp-json\/wp\/v2\/pages\/68","dynamic-page":"yes","astra-page-url":"\/\/websitedemos.net\/blingg-jewelry-store-04\/","astra-sites-tag":{"423":"home"},"site-pages-type":"agency-mini","site-pages-page-builder":"elementor","site-pages-category":[],"site-pages-parent-category":{"64":"ecommerce"},"required-plugins":[{"slug":"astra-addon","init":"astra-addon\/astra-addon.php","name":"Astra Pro"},{"slug":"elementor","init":"elementor\/elementor.php","name":"Elementor"},{"slug":"woocommerce","init":"woocommerce\/woocommerce.php","name":"WooCommerce"}]},"id-69430":{"title":"About","featured-image-url":"https:\/\/websitedemos.net\/wp-content\/uploads\/2022\/09\/blingg-jewellery-04-about.jpg","thumbnail-image-url":"https:\/\/websitedemos.net\/wp-content\/uploads\/2022\/09\/blingg-jewellery-04-about-600x1462.jpg","astra-page-api-url":"https:\/\/websitedemos.net\/blingg-jewelry-store-04\/wp-json\/wp\/v2\/pages\/71","dynamic-page":"no","astra-page-url":"\/\/websitedemos.net\/blingg-jewelry-store-04\/about\/","astra-sites-tag":{"352":"about"},"site-pages-type":"agency-mini","site-pages-page-builder":"elementor","site-pages-category":[],"site-pages-parent-category":{"64":"ecommerce"},"required-plugins":[{"slug":"astra-addon","init":"astra-addon\/astra-addon.php","name":"Astra Pro"},{"slug":"elementor","init":"elementor\/elementor.php","name":"Elementor"}]},"id-69431":{"title":"Contact","featured-image-url":"https:\/\/websitedemos.net\/wp-content\/uploads\/2022\/09\/blingg-jewellery-04-contact.jpg","thumbnail-image-url":"https:\/\/websitedemos.net\/wp-content\/uploads\/2022\/09\/blingg-jewellery-04-contact-600x903.jpg","astra-page-api-url":"https:\/\/websitedemos.net\/blingg-jewelry-store-04\/wp-json\/wp\/v2\/pages\/73","dynamic-page":"no","astra-page-url":"\/\/websitedemos.net\/blingg-jewelry-store-04\/contact\/","astra-sites-tag":{"415":"contact"},"site-pages-type":"agency-mini","site-pages-page-builder":"elementor","site-pages-category":[],"site-pages-parent-category":{"64":"ecommerce"},"required-plugins":[{"slug":"astra-addon","init":"astra-addon\/astra-addon.php","name":"Astra Pro"},{"slug":"elementor","init":"elementor\/elementor.php","name":"Elementor"},{"slug":"wpforms-lite","init":"wpforms-lite\/wpforms.php","name":"WPForms Lite"}]}},"related-bb-template":"","related-elementor-template":69429,"related-gutenberg-template":73686,"related_ecommerce_template":"","ecommerce_parent_template":""},"id-73443":{"title":"ArchMasters Architecture","id":73443,"publish-date":1681501675,"featured-image-url":"https:\/\/websitedemos.net\/wp-content\/uploads\/2023\/04\/archmasters-architecture-02.jpg","thumbnail-image-url":"https:\/\/websitedemos.net\/wp-content\/uploads\/2023\/04\/archmasters-architecture-02-600x2302.jpg","fullpage-thumbnail-image-url":"https:\/\/websitedemos.net\/wp-content\/uploads\/2023\/04\/archmasters-architecture-02-400x1535.jpg","astra-site-url":"\/\/websitedemos.net\/archmasters-architecture-02","astra-site-parent-id":3144,"astra-sites-tag":{"435":"architecture","1898":"consulting","3008":"design","2456":"generic","2667":"generic-template","1526":"multi-purpose","2493":"multipurpose","3146":"planning","3145":"project-managements"},"astra-sites-type":"free","astra-site-category":{"39":"free"},"astra-sites-template-category":{"2795":"architecture","2791":"creative"},"astra-site-page-builder":"elementor","categories":{"3430":"dark","3427":"default","3428":"free","2500":"multipurpose","2484":"real-estate"},"required-plugins":[{"slug":"elementor","init":"elementor\/elementor.php","name":"Elementor"},{"slug":"wpforms-lite","init":"wpforms-lite\/wpforms.php","name":"WPForms Lite"}],"post-status":"publish","post-content":"<!-- wp:paragraph -->\n<p>The Architect Generic Multipurpose template is a dark design with a free-flowing structure that\u2019s great for big ideas. It uses bold fonts and largely monochrome colors with pops of color provided by imagery.<\/p>\n<!-- \/wp:paragraph -->\n\n<!-- wp:paragraph -->\n<p>It\u2019s a niche design but you could easily use it to showcase your designs, build an online portfolio of work and help attract clients by telling your story. The design is fully responsible and fully customizable, so you could tweak it to fit your brand perfectly.<\/p>\n<!-- \/wp:paragraph -->\n\n<!-- wp:heading -->\n<h2>Key features of the Architect Generic Multipurpose template<\/h2>\n<!-- \/wp:heading -->\n\n<!-- wp:list -->\n<ul><!-- wp:list-item -->\n<li>Dark portfolio website is ideal for showing your work<\/li>\n<!-- \/wp:list-item -->\n\n<!-- wp:list-item -->\n<li>Creates a feeling of style and luxury<\/li>\n<!-- \/wp:list-item -->\n\n<!-- wp:list-item -->\n<li>Flexible content areas and portfolio sections<\/li>\n<!-- \/wp:list-item -->\n\n<!-- wp:list-item -->\n<li>Fully customizable<\/li>\n<!-- \/wp:list-item -->\n\n<!-- wp:list-item -->\n<li>Full compatibility with leading page builders<\/li>\n<!-- \/wp:list-item --><\/ul>\n<!-- \/wp:list -->","post-excerpt":"The Architect Generic Multipurpose template is everything you need to build a client base","pages":{"id-73446":{"title":"Home","featured-image-url":"https:\/\/websitedemos.net\/wp-content\/uploads\/2023\/04\/archmasters-architecture-02.jpg","thumbnail-image-url":"https:\/\/websitedemos.net\/wp-content\/uploads\/2023\/04\/archmasters-architecture-02-600x2302.jpg","astra-page-api-url":"https:\/\/websitedemos.net\/archmasters-architecture-02\/wp-json\/wp\/v2\/pages\/5","dynamic-page":"no","astra-page-url":"\/\/websitedemos.net\/archmasters-architecture-02\/","astra-sites-tag":{"423":"home"},"site-pages-type":"free","site-pages-page-builder":"elementor","site-pages-category":[],"site-pages-parent-category":{"61":"free"},"required-plugins":[{"slug":"elementor","init":"elementor\/elementor.php","name":"Elementor"}]},"id-73444":{"title":"About us","featured-image-url":"https:\/\/websitedemos.net\/wp-content\/uploads\/2023\/04\/archmasters-architecture-02-about.jpg","thumbnail-image-url":"https:\/\/websitedemos.net\/wp-content\/uploads\/2023\/04\/archmasters-architecture-02-about-600x2087.jpg","astra-page-api-url":"https:\/\/websitedemos.net\/archmasters-architecture-02\/wp-json\/wp\/v2\/pages\/8","dynamic-page":"no","astra-page-url":"\/\/websitedemos.net\/archmasters-architecture-02\/about-us\/","astra-sites-tag":{"352":"about"},"site-pages-type":"free","site-pages-page-builder":"elementor","site-pages-category":[],"site-pages-parent-category":{"61":"free"},"required-plugins":[{"slug":"elementor","init":"elementor\/elementor.php","name":"Elementor"}]},"id-73448":{"title":"Services","featured-image-url":"https:\/\/websitedemos.net\/wp-content\/uploads\/2023\/04\/archmasters-architecture-02-services.jpg","thumbnail-image-url":"https:\/\/websitedemos.net\/wp-content\/uploads\/2023\/04\/archmasters-architecture-02-services-600x1805.jpg","astra-page-api-url":"https:\/\/websitedemos.net\/archmasters-architecture-02\/wp-json\/wp\/v2\/pages\/11","dynamic-page":"no","astra-page-url":"\/\/websitedemos.net\/archmasters-architecture-02\/services\/","astra-sites-tag":{"425":"services"},"site-pages-type":"free","site-pages-page-builder":"elementor","site-pages-category":[],"site-pages-parent-category":{"61":"free"},"required-plugins":[{"slug":"elementor","init":"elementor\/elementor.php","name":"Elementor"}]},"id-73447":{"title":"Portfolio","featured-image-url":"https:\/\/websitedemos.net\/wp-content\/uploads\/2023\/04\/archmasters-architecture-02-portfolio.jpg","thumbnail-image-url":"https:\/\/websitedemos.net\/wp-content\/uploads\/2023\/04\/archmasters-architecture-02-portfolio-600x2004.jpg","astra-page-api-url":"https:\/\/websitedemos.net\/archmasters-architecture-02\/wp-json\/wp\/v2\/pages\/13","dynamic-page":"no","astra-page-url":"\/\/websitedemos.net\/archmasters-architecture-02\/portfolio\/","astra-sites-tag":{"444":"portfolio"},"site-pages-type":"free","site-pages-page-builder":"elementor","site-pages-category":[],"site-pages-parent-category":{"61":"free"},"required-plugins":[{"slug":"elementor","init":"elementor\/elementor.php","name":"Elementor"}]},"id-73445":{"title":"Contact","featured-image-url":"https:\/\/websitedemos.net\/wp-content\/uploads\/2023\/04\/archmasters-architecture-02-contact.jpg","thumbnail-image-url":"https:\/\/websitedemos.net\/wp-content\/uploads\/2023\/04\/archmasters-architecture-02-contact-600x822.jpg","astra-page-api-url":"https:\/\/websitedemos.net\/archmasters-architecture-02\/wp-json\/wp\/v2\/pages\/15","dynamic-page":"no","astra-page-url":"\/\/websitedemos.net\/archmasters-architecture-02\/contact\/","astra-sites-tag":{"415":"contact"},"site-pages-type":"free","site-pages-page-builder":"elementor","site-pages-category":[],"site-pages-parent-category":{"61":"free"},"required-plugins":[{"slug":"elementor","init":"elementor\/elementor.php","name":"Elementor"},{"slug":"wpforms-lite","init":"wpforms-lite\/wpforms.php","name":"WPForms Lite"}]}},"related-bb-template":"","related-elementor-template":73443,"related-gutenberg-template":93568,"related_ecommerce_template":"","ecommerce_parent_template":""},"id-72543":{"title":"Photographer Portfolio","id":72543,"publish-date":1679309579,"featured-image-url":"https:\/\/websitedemos.net\/wp-content\/uploads\/2023\/02\/portfolio-photographer-04.jpg","thumbnail-image-url":"https:\/\/websitedemos.net\/wp-content\/uploads\/2023\/02\/portfolio-photographer-04-600x2414.jpg","fullpage-thumbnail-image-url":"https:\/\/websitedemos.net\/wp-content\/uploads\/2023\/02\/portfolio-photographer-04-400x1609.jpg","astra-site-url":"\/\/websitedemos.net\/portfolio-photographer-04","astra-site-parent-id":3125,"astra-sites-tag":{"3416":"elementor","3114":"photo","2409":"photoblog","511":"photographer","1008":"photographer-homepage","3126":"photographer-portfolio","509":"photography","1580":"photos","3113":"photoshoot","444":"portfolio","1844":"premium","425":"services"},"astra-sites-type":"agency-mini","astra-site-category":{"27":"business"},"astra-sites-template-category":{"2791":"creative","2810":"freelance","2770":"personal","2773":"photography","2768":"portfolio","2783":"resume"},"astra-site-page-builder":"elementor","categories":{"3430":"dark","3427":"default","2488":"portfolio","3429":"premium"},"required-plugins":[{"slug":"elementor","init":"elementor\/elementor.php","name":"Elementor"},{"slug":"ultimate-elementor","init":"ultimate-elementor\/ultimate-elementor.php","name":"Ultimate Addons for Elementor"},{"slug":"wpforms-lite","init":"wpforms-lite\/wpforms.php","name":"WPForms Lite"}],"post-status":"publish","post-content":"<!-- wp:paragraph -->\n<p>The Photographer Portfolio template is a fantastic dark, fullscreen design that lets your work speak for itself. It opens with a large image slider where you can showcase your latest and greatest and includes extra gallery areas to show off more.<\/p>\n<!-- \/wp:paragraph -->\n\n<!-- wp:paragraph -->\n<p>The template has an upscale feel with well-chosen typography, balanced pages, calm colors, smart layout options and all the elements you need for an effective portfolio. There are also readymade pages for your gallery, services, biography and contact all ready to go.<\/p>\n<!-- \/wp:paragraph -->\n\n<!-- wp:heading -->\n<h2>Key features of the Photographer Portfolio template<\/h2>\n<!-- \/wp:heading -->\n\n<!-- wp:list -->\n<ul><!-- wp:list-item -->\n<li>Stylish dark design with an elegant feel<\/li>\n<!-- \/wp:list-item -->\n\n<!-- wp:list-item -->\n<li>Lots of options to showcase images, videos or other work<\/li>\n<!-- \/wp:list-item -->\n\n<!-- wp:list-item -->\n<li>Well-balanced page with lots of flexible content areas<\/li>\n<!-- \/wp:list-item -->\n\n<!-- wp:list-item -->\n<li>Engaging colors and typography<\/li>\n<!-- \/wp:list-item -->\n\n<!-- wp:list-item -->\n<li>Full compatibility with leading page builders<\/li>\n<!-- \/wp:list-item --><\/ul>\n<!-- \/wp:list -->","post-excerpt":"The Photographer Portfolio template is all you need to build a stylish online portfolio","pages":{"id-72547":{"title":"Home","featured-image-url":"https:\/\/websitedemos.net\/wp-content\/uploads\/2023\/02\/portfolio-photographer-04.jpg","thumbnail-image-url":"https:\/\/websitedemos.net\/wp-content\/uploads\/2023\/02\/portfolio-photographer-04-600x2414.jpg","astra-page-api-url":"https:\/\/websitedemos.net\/portfolio-photographer-04\/wp-json\/wp\/v2\/pages\/14","dynamic-page":"no","astra-page-url":"\/\/websitedemos.net\/portfolio-photographer-04\/","astra-sites-tag":{"423":"home"},"site-pages-type":"agency-mini","site-pages-page-builder":"elementor","site-pages-category":[],"site-pages-parent-category":{"60":"business"},"required-plugins":[{"slug":"elementor","init":"elementor\/elementor.php","name":"Elementor"},{"slug":"ultimate-elementor","init":"ultimate-elementor\/ultimate-elementor.php","name":"Ultimate Addons for Elementor"},{"slug":"wpforms-lite","init":"wpforms-lite\/wpforms.php","name":"WPForms Lite"}]},"id-72544":{"title":"About","featured-image-url":"https:\/\/websitedemos.net\/wp-content\/uploads\/2023\/02\/portfolio-photographer-04-about-me.jpg","thumbnail-image-url":"https:\/\/websitedemos.net\/wp-content\/uploads\/2023\/02\/portfolio-photographer-04-about-me-600x1777.jpg","astra-page-api-url":"https:\/\/websitedemos.net\/portfolio-photographer-04\/wp-json\/wp\/v2\/pages\/7","dynamic-page":"no","astra-page-url":"\/\/websitedemos.net\/portfolio-photographer-04\/about\/","astra-sites-tag":{"352":"about"},"site-pages-type":"agency-mini","site-pages-page-builder":"elementor","site-pages-category":[],"site-pages-parent-category":{"60":"business"},"required-plugins":[{"slug":"elementor","init":"elementor\/elementor.php","name":"Elementor"},{"slug":"ultimate-elementor","init":"ultimate-elementor\/ultimate-elementor.php","name":"Ultimate Addons for Elementor"},{"slug":"wpforms-lite","init":"wpforms-lite\/wpforms.php","name":"WPForms Lite"}]},"id-72548":{"title":"Services","featured-image-url":"https:\/\/websitedemos.net\/wp-content\/uploads\/2023\/02\/portfolio-photographer-04-services.jpg","thumbnail-image-url":"https:\/\/websitedemos.net\/wp-content\/uploads\/2023\/02\/portfolio-photographer-04-services-600x1716.jpg","astra-page-api-url":"https:\/\/websitedemos.net\/portfolio-photographer-04\/wp-json\/wp\/v2\/pages\/16","dynamic-page":"no","astra-page-url":"\/\/websitedemos.net\/portfolio-photographer-04\/services\/","astra-sites-tag":{"425":"services"},"site-pages-type":"agency-mini","site-pages-page-builder":"elementor","site-pages-category":[],"site-pages-parent-category":{"60":"business"},"required-plugins":[{"slug":"elementor","init":"elementor\/elementor.php","name":"Elementor"},{"slug":"ultimate-elementor","init":"ultimate-elementor\/ultimate-elementor.php","name":"Ultimate Addons for Elementor"},{"slug":"wpforms-lite","init":"wpforms-lite\/wpforms.php","name":"WPForms Lite"}]},"id-72546":{"title":"Gallery","featured-image-url":"https:\/\/websitedemos.net\/wp-content\/uploads\/2023\/02\/portfolio-photographer-04-gallery.jpg","thumbnail-image-url":"https:\/\/websitedemos.net\/wp-content\/uploads\/2023\/02\/portfolio-photographer-04-gallery-600x4467.jpg","astra-page-api-url":"https:\/\/websitedemos.net\/portfolio-photographer-04\/wp-json\/wp\/v2\/pages\/12","dynamic-page":"no","astra-page-url":"\/\/websitedemos.net\/portfolio-photographer-04\/gallery\/","astra-sites-tag":{"461":"gallery"},"site-pages-type":"agency-mini","site-pages-page-builder":"elementor","site-pages-category":[],"site-pages-parent-category":{"60":"business"},"required-plugins":[{"slug":"elementor","init":"elementor\/elementor.php","name":"Elementor"},{"slug":"ultimate-elementor","init":"ultimate-elementor\/ultimate-elementor.php","name":"Ultimate Addons for Elementor"},{"slug":"wpforms-lite","init":"wpforms-lite\/wpforms.php","name":"WPForms Lite"}]},"id-72545":{"title":"Contact","featured-image-url":"https:\/\/websitedemos.net\/wp-content\/uploads\/2023\/02\/portfolio-photographer-04-contact.jpg","thumbnail-image-url":"https:\/\/websitedemos.net\/wp-content\/uploads\/2023\/02\/portfolio-photographer-04-contact-600x715.jpg","astra-page-api-url":"https:\/\/websitedemos.net\/portfolio-photographer-04\/wp-json\/wp\/v2\/pages\/10","dynamic-page":"no","astra-page-url":"\/\/websitedemos.net\/portfolio-photographer-04\/contact\/","astra-sites-tag":{"415":"contact"},"site-pages-type":"agency-mini","site-pages-page-builder":"elementor","site-pages-category":[],"site-pages-parent-category":{"60":"business"},"required-plugins":[{"slug":"elementor","init":"elementor\/elementor.php","name":"Elementor"},{"slug":"ultimate-elementor","init":"ultimate-elementor\/ultimate-elementor.php","name":"Ultimate Addons for Elementor"},{"slug":"wpforms-lite","init":"wpforms-lite\/wpforms.php","name":"WPForms Lite"}]}},"related-bb-template":"","related-elementor-template":72543,"related-gutenberg-template":87581,"related_ecommerce_template":"","ecommerce_parent_template":""}}