{"id-85372":{"title":"Tech Blogger","id":85372,"publish-date":1706042685,"featured-image-url":"https:\/\/websitedemos.net\/wp-content\/uploads\/2024\/01\/tech-blogger-07.jpg","thumbnail-image-url":"https:\/\/websitedemos.net\/wp-content\/uploads\/2024\/01\/tech-blogger-07-600x2215.jpg","fullpage-thumbnail-image-url":"https:\/\/websitedemos.net\/wp-content\/uploads\/2024\/01\/tech-blogger-07-400x1476.jpg","astra-site-url":"\/\/websitedemos.net\/tech-blogger-07","astra-site-parent-id":3413,"astra-sites-tag":{"2269":"affiliate-marketer","1652":"blogger","1654":"content-creator","1547":"influencer","2163":"social-media-influencer","2266":"tech-blogger","2267":"tech-influencer","2268":"technology-critic"},"astra-sites-type":"agency-mini","astra-site-category":{"37":"blog"},"astra-sites-template-category":{"2828":"blog","2774":"magazine","2817":"technology"},"astra-site-page-builder":"gutenberg","categories":{"2497":"blog"},"required-plugins":[{"slug":"ultimate-addons-for-gutenberg","init":"ultimate-addons-for-gutenberg\/ultimate-addons-for-gutenberg.php","name":"Spectra"}],"post-status":"publish","post-content":"","post-excerpt":"","pages":{"id-85376":{"title":"Home","featured-image-url":"https:\/\/websitedemos.net\/wp-content\/uploads\/2024\/01\/tech-blogger-07.jpg","thumbnail-image-url":"https:\/\/websitedemos.net\/wp-content\/uploads\/2024\/01\/tech-blogger-07-600x2215.jpg","astra-page-api-url":"https:\/\/websitedemos.net\/tech-blogger-07\/wp-json\/wp\/v2\/pages\/612","dynamic-page":"no","astra-page-url":"\/\/websitedemos.net\/tech-blogger-07\/","astra-sites-tag":{"423":"home"},"site-pages-type":"agency-mini","site-pages-page-builder":"gutenberg","site-pages-category":[],"site-pages-parent-category":{"74":"blog"},"required-plugins":[{"slug":"ultimate-addons-for-gutenberg","init":"ultimate-addons-for-gutenberg\/ultimate-addons-for-gutenberg.php","name":"Spectra"}]},"id-85373":{"title":"About","featured-image-url":"https:\/\/websitedemos.net\/wp-content\/uploads\/2024\/01\/tech-blogger-07-about.jpg","thumbnail-image-url":"https:\/\/websitedemos.net\/wp-content\/uploads\/2024\/01\/tech-blogger-07-about-600x1416.jpg","astra-page-api-url":"https:\/\/websitedemos.net\/tech-blogger-07\/wp-json\/wp\/v2\/pages\/614","dynamic-page":"no","astra-page-url":"\/\/websitedemos.net\/tech-blogger-07\/about\/","astra-sites-tag":{"352":"about"},"site-pages-type":"agency-mini","site-pages-page-builder":"gutenberg","site-pages-category":[],"site-pages-parent-category":{"74":"blog"},"required-plugins":[{"slug":"ultimate-addons-for-gutenberg","init":"ultimate-addons-for-gutenberg\/ultimate-addons-for-gutenberg.php","name":"Spectra"}]},"id-85375":{"title":"Deals","featured-image-url":"https:\/\/websitedemos.net\/wp-content\/uploads\/2024\/01\/tech-blogger-07-deals.jpg","thumbnail-image-url":"https:\/\/websitedemos.net\/wp-content\/uploads\/2024\/01\/tech-blogger-07-deals-600x1247.jpg","astra-page-api-url":"https:\/\/websitedemos.net\/tech-blogger-07\/wp-json\/wp\/v2\/pages\/613","dynamic-page":"no","astra-page-url":"\/\/websitedemos.net\/tech-blogger-07\/deals\/","astra-sites-tag":{"2264":"deals"},"site-pages-type":"agency-mini","site-pages-page-builder":"gutenberg","site-pages-category":[],"site-pages-parent-category":{"74":"blog"},"required-plugins":[{"slug":"ultimate-addons-for-gutenberg","init":"ultimate-addons-for-gutenberg\/ultimate-addons-for-gutenberg.php","name":"Spectra"}]},"id-85374":{"title":"Contact","featured-image-url":"https:\/\/websitedemos.net\/wp-content\/uploads\/2024\/01\/tech-blogger-07-contact.jpg","thumbnail-image-url":"https:\/\/websitedemos.net\/wp-content\/uploads\/2024\/01\/tech-blogger-07-contact-600x916.jpg","astra-page-api-url":"https:\/\/websitedemos.net\/tech-blogger-07\/wp-json\/wp\/v2\/pages\/615","dynamic-page":"no","astra-page-url":"\/\/websitedemos.net\/tech-blogger-07\/contact\/","astra-sites-tag":{"415":"contact"},"site-pages-type":"agency-mini","site-pages-page-builder":"gutenberg","site-pages-category":[],"site-pages-parent-category":{"74":"blog"},"required-plugins":[{"slug":"ultimate-addons-for-gutenberg","init":"ultimate-addons-for-gutenberg\/ultimate-addons-for-gutenberg.php","name":"Spectra"}]}},"related-bb-template":"","related-elementor-template":"","related-gutenberg-template":"","related_ecommerce_template":"","ecommerce_parent_template":""},"id-93827":{"title":"Dental Care","id":93827,"publish-date":1733913547,"featured-image-url":"https:\/\/websitedemos.net\/wp-content\/uploads\/2024\/12\/dental-care-07.jpg","thumbnail-image-url":"https:\/\/websitedemos.net\/wp-content\/uploads\/2024\/12\/dental-care-07-600x2074.jpg","fullpage-thumbnail-image-url":"https:\/\/websitedemos.net\/wp-content\/uploads\/2024\/12\/dental-care-07-400x1383.jpg","astra-site-url":"\/\/websitedemos.net\/dental-care-07","astra-site-parent-id":3642,"astra-sites-tag":{"623":"dentist","601":"doctor","604":"healthcare","605":"hospital","1022":"professional","607":"treatment"},"astra-sites-type":"agency-mini","astra-site-category":{"27":"business"},"astra-sites-template-category":{"2799":"dentist","2867":"doctor","2834":"healthcare","2780":"hospital","2841":"medical-clinic"},"astra-site-page-builder":"gutenberg","categories":{"2490":"healthcare","3429":"premium"},"required-plugins":[{"slug":"ultimate-addons-for-gutenberg","init":"ultimate-addons-for-gutenberg\/ultimate-addons-for-gutenberg.php","name":"Spectra"},{"slug":"sureforms","init":"sureforms\/sureforms.php","name":"SureForms"}],"post-status":"publish","post-content":"","post-excerpt":"The Dentalist template, designed to create trust within the healthcare industry","pages":{"id-93831":{"title":"Services","featured-image-url":"https:\/\/websitedemos.net\/wp-content\/uploads\/2024\/12\/dental-care-07-services.jpg","thumbnail-image-url":"https:\/\/websitedemos.net\/wp-content\/uploads\/2024\/12\/dental-care-07-services-600x1078.jpg","astra-page-api-url":"https:\/\/websitedemos.net\/dental-care-07\/wp-json\/wp\/v2\/pages\/681","dynamic-page":"no","astra-page-url":"\/\/websitedemos.net\/dental-care-07\/services\/","astra-sites-tag":{"2518":"business-services"},"site-pages-type":"agency-mini","site-pages-page-builder":"gutenberg","site-pages-category":[],"site-pages-parent-category":{"60":"business"},"required-plugins":[{"slug":"ultimate-addons-for-gutenberg","init":"ultimate-addons-for-gutenberg\/ultimate-addons-for-gutenberg.php","name":"Spectra"}]},"id-93828":{"title":"About","featured-image-url":"https:\/\/websitedemos.net\/wp-content\/uploads\/2024\/12\/dental-care-07-about.jpg","thumbnail-image-url":"https:\/\/websitedemos.net\/wp-content\/uploads\/2024\/12\/dental-care-07-about-600x1523.jpg","astra-page-api-url":"https:\/\/websitedemos.net\/dental-care-07\/wp-json\/wp\/v2\/pages\/679","dynamic-page":"no","astra-page-url":"\/\/websitedemos.net\/dental-care-07\/about\/","astra-sites-tag":{"352":"about"},"site-pages-type":"agency-mini","site-pages-page-builder":"gutenberg","site-pages-category":[],"site-pages-parent-category":{"60":"business"},"required-plugins":[{"slug":"ultimate-addons-for-gutenberg","init":"ultimate-addons-for-gutenberg\/ultimate-addons-for-gutenberg.php","name":"Spectra"}]},"id-93829":{"title":"Contact","featured-image-url":"https:\/\/websitedemos.net\/wp-content\/uploads\/2024\/12\/dental-care-07-contact.jpg","thumbnail-image-url":"https:\/\/websitedemos.net\/wp-content\/uploads\/2024\/12\/dental-care-07-contact-600x578.jpg","astra-page-api-url":"https:\/\/websitedemos.net\/dental-care-07\/wp-json\/wp\/v2\/pages\/683","dynamic-page":"no","astra-page-url":"\/\/websitedemos.net\/dental-care-07\/contact\/","astra-sites-tag":{"415":"contact"},"site-pages-type":"agency-mini","site-pages-page-builder":"gutenberg","site-pages-category":[],"site-pages-parent-category":{"60":"business"},"required-plugins":[{"slug":"ultimate-addons-for-gutenberg","init":"ultimate-addons-for-gutenberg\/ultimate-addons-for-gutenberg.php","name":"Spectra"},{"slug":"sureforms","init":"sureforms\/sureforms.php","name":"SureForms"}]},"id-93830":{"title":"Home","featured-image-url":"https:\/\/websitedemos.net\/wp-content\/uploads\/2024\/12\/dental-care-07.jpg","thumbnail-image-url":"https:\/\/websitedemos.net\/wp-content\/uploads\/2024\/12\/dental-care-07-600x2074.jpg","astra-page-api-url":"https:\/\/websitedemos.net\/dental-care-07\/wp-json\/wp\/v2\/pages\/676","dynamic-page":"no","astra-page-url":"\/\/websitedemos.net\/dental-care-07\/","astra-sites-tag":{"423":"home"},"site-pages-type":"agency-mini","site-pages-page-builder":"gutenberg","site-pages-category":[],"site-pages-parent-category":{"60":"business"},"required-plugins":[{"slug":"ultimate-addons-for-gutenberg","init":"ultimate-addons-for-gutenberg\/ultimate-addons-for-gutenberg.php","name":"Spectra"},{"slug":"sureforms","init":"sureforms\/sureforms.php","name":"SureForms"}]}},"related-bb-template":"","related-elementor-template":"","related-gutenberg-template":"","related_ecommerce_template":"","ecommerce_parent_template":""},"id-48398":{"title":"Garden Maintenance","id":48398,"publish-date":1603963842,"featured-image-url":"https:\/\/websitedemos.net\/wp-content\/uploads\/2020\/10\/garden-maintenance-08.jpg","thumbnail-image-url":"https:\/\/websitedemos.net\/wp-content\/uploads\/2020\/10\/garden-maintenance-08-600x2113.jpg","fullpage-thumbnail-image-url":"https:\/\/websitedemos.net\/wp-content\/uploads\/2020\/10\/garden-maintenance-08-400x1409.jpg","astra-site-url":"\/\/websitedemos.net\/garden-maintenance-08","astra-site-parent-id":1731,"astra-sites-tag":{"416":"garden-care","421":"garden-maintenance","420":"gardening","422":"landscaping","417":"lawn-care","419":"planting","418":"weed-control"},"astra-sites-type":"free","astra-site-category":{"27":"business","39":"free"},"astra-sites-template-category":[],"astra-site-page-builder":"gutenberg","categories":{"2476":"gardening"},"required-plugins":[{"slug":"ultimate-addons-for-gutenberg","init":"ultimate-addons-for-gutenberg\/ultimate-addons-for-gutenberg.php","name":"Spectra"},{"slug":"sureforms","init":"sureforms\/sureforms.php","name":"SureForms"}],"post-status":"publish","post-content":"","post-excerpt":"","pages":{"id-92486":{"title":"Home","featured-image-url":"https:\/\/websitedemos.net\/wp-content\/uploads\/2020\/10\/garden-maintenance-08.jpg","thumbnail-image-url":"https:\/\/websitedemos.net\/wp-content\/uploads\/2020\/10\/garden-maintenance-08-600x2113.jpg","astra-page-api-url":"https:\/\/websitedemos.net\/garden-maintenance-08\/wp-json\/wp\/v2\/pages\/31","dynamic-page":"no","astra-page-url":"\/\/websitedemos.net\/garden-maintenance-08\/","astra-sites-tag":{"423":"home"},"site-pages-type":"free","site-pages-page-builder":"gutenberg","site-pages-category":[],"site-pages-parent-category":{"60":"business","61":"free"},"required-plugins":[{"slug":"ultimate-addons-for-gutenberg","init":"ultimate-addons-for-gutenberg\/ultimate-addons-for-gutenberg.php","name":"Spectra"}]},"id-92483":{"title":"About","featured-image-url":"https:\/\/websitedemos.net\/wp-content\/uploads\/2020\/10\/garden-maintenance-08-about.jpg","thumbnail-image-url":"https:\/\/websitedemos.net\/wp-content\/uploads\/2020\/10\/garden-maintenance-08-about-600x1294.jpg","astra-page-api-url":"https:\/\/websitedemos.net\/garden-maintenance-08\/wp-json\/wp\/v2\/pages\/32","dynamic-page":"no","astra-page-url":"\/\/websitedemos.net\/garden-maintenance-08\/about\/","astra-sites-tag":{"352":"about"},"site-pages-type":"free","site-pages-page-builder":"gutenberg","site-pages-category":[],"site-pages-parent-category":{"60":"business","61":"free"},"required-plugins":[{"slug":"ultimate-addons-for-gutenberg","init":"ultimate-addons-for-gutenberg\/ultimate-addons-for-gutenberg.php","name":"Spectra"}]},"id-92488":{"title":"Services","featured-image-url":"https:\/\/websitedemos.net\/wp-content\/uploads\/2020\/10\/garden-maintenance-08-services.jpg","thumbnail-image-url":"https:\/\/websitedemos.net\/wp-content\/uploads\/2020\/10\/garden-maintenance-08-services-600x1452.jpg","astra-page-api-url":"https:\/\/websitedemos.net\/garden-maintenance-08\/wp-json\/wp\/v2\/pages\/33","dynamic-page":"no","astra-page-url":"\/\/websitedemos.net\/garden-maintenance-08\/services\/","astra-sites-tag":{"425":"services"},"site-pages-type":"free","site-pages-page-builder":"gutenberg","site-pages-category":[],"site-pages-parent-category":{"60":"business","61":"free"},"required-plugins":[{"slug":"ultimate-addons-for-gutenberg","init":"ultimate-addons-for-gutenberg\/ultimate-addons-for-gutenberg.php","name":"Spectra"}]},"id-92487":{"title":"Projects","featured-image-url":"https:\/\/websitedemos.net\/wp-content\/uploads\/2020\/10\/garden-maintenance-08-projects.jpg","thumbnail-image-url":"https:\/\/websitedemos.net\/wp-content\/uploads\/2020\/10\/garden-maintenance-08-projects-600x1060.jpg","astra-page-api-url":"https:\/\/websitedemos.net\/garden-maintenance-08\/wp-json\/wp\/v2\/pages\/35","dynamic-page":"no","astra-page-url":"\/\/websitedemos.net\/garden-maintenance-08\/projects\/","astra-sites-tag":{"1613":"projects"},"site-pages-type":"free","site-pages-page-builder":"gutenberg","site-pages-category":[],"site-pages-parent-category":{"60":"business","61":"free"},"required-plugins":[{"slug":"ultimate-addons-for-gutenberg","init":"ultimate-addons-for-gutenberg\/ultimate-addons-for-gutenberg.php","name":"Spectra"}]},"id-92485":{"title":"FAQ","featured-image-url":"https:\/\/websitedemos.net\/wp-content\/uploads\/2020\/10\/garden-maintenance-08-faq.jpg","thumbnail-image-url":"https:\/\/websitedemos.net\/wp-content\/uploads\/2020\/10\/garden-maintenance-08-faq-600x778.jpg","astra-page-api-url":"https:\/\/websitedemos.net\/garden-maintenance-08\/wp-json\/wp\/v2\/pages\/37","dynamic-page":"no","astra-page-url":"\/\/websitedemos.net\/garden-maintenance-08\/faq\/","astra-sites-tag":{"426":"faq"},"site-pages-type":"free","site-pages-page-builder":"gutenberg","site-pages-category":[],"site-pages-parent-category":{"60":"business","61":"free"},"required-plugins":[{"slug":"ultimate-addons-for-gutenberg","init":"ultimate-addons-for-gutenberg\/ultimate-addons-for-gutenberg.php","name":"Spectra"}]},"id-92484":{"title":"Contact","featured-image-url":"https:\/\/websitedemos.net\/wp-content\/uploads\/2020\/10\/garden-maintenance-08-contact.jpg","thumbnail-image-url":"https:\/\/websitedemos.net\/wp-content\/uploads\/2020\/10\/garden-maintenance-08-contact-600x776.jpg","astra-page-api-url":"https:\/\/websitedemos.net\/garden-maintenance-08\/wp-json\/wp\/v2\/pages\/36","dynamic-page":"no","astra-page-url":"\/\/websitedemos.net\/garden-maintenance-08\/contact\/","astra-sites-tag":{"415":"contact"},"site-pages-type":"free","site-pages-page-builder":"gutenberg","site-pages-category":[],"site-pages-parent-category":{"60":"business","61":"free"},"required-plugins":[{"slug":"ultimate-addons-for-gutenberg","init":"ultimate-addons-for-gutenberg\/ultimate-addons-for-gutenberg.php","name":"Spectra"},{"slug":"sureforms","init":"sureforms\/sureforms.php","name":"SureForms"}]}},"related-bb-template":"","related-elementor-template":"","related-gutenberg-template":"","related_ecommerce_template":"","ecommerce_parent_template":""},"id-85358":{"title":"Photographer","id":85358,"publish-date":1706042683,"featured-image-url":"https:\/\/websitedemos.net\/wp-content\/uploads\/2024\/01\/photographer-07.jpg","thumbnail-image-url":"https:\/\/websitedemos.net\/wp-content\/uploads\/2024\/01\/photographer-07-600x2330.jpg","fullpage-thumbnail-image-url":"https:\/\/websitedemos.net\/wp-content\/uploads\/2024\/01\/photographer-07-400x1553.jpg","astra-site-url":"\/\/websitedemos.net\/photographer-07","astra-site-parent-id":3411,"astra-sites-tag":{"513":"camera","515":"lens","511":"photographer","509":"photography","1022":"professional","514":"videography","512":"wedding-shoot"},"astra-sites-type":"agency-mini","astra-site-category":{"27":"business"},"astra-sites-template-category":{"2770":"personal","2773":"photography","2768":"portfolio","2831":"service"},"astra-site-page-builder":"gutenberg","categories":{"2485":"photography","2488":"portfolio"},"required-plugins":[{"slug":"ultimate-addons-for-gutenberg","init":"ultimate-addons-for-gutenberg\/ultimate-addons-for-gutenberg.php","name":"Spectra"},{"slug":"sureforms","init":"sureforms\/sureforms.php","name":"SureForms"}],"post-status":"publish","post-content":"","post-excerpt":"","pages":{"id-85361":{"title":"Home","featured-image-url":"https:\/\/websitedemos.net\/wp-content\/uploads\/2024\/01\/photographer-07.jpg","thumbnail-image-url":"https:\/\/websitedemos.net\/wp-content\/uploads\/2024\/01\/photographer-07-600x2330.jpg","astra-page-api-url":"https:\/\/websitedemos.net\/photographer-07\/wp-json\/wp\/v2\/pages\/11","dynamic-page":"no","astra-page-url":"\/\/websitedemos.net\/photographer-07\/","astra-sites-tag":{"423":"home"},"site-pages-type":"agency-mini","site-pages-page-builder":"gutenberg","site-pages-category":[],"site-pages-parent-category":{"60":"business"},"required-plugins":[{"slug":"ultimate-addons-for-gutenberg","init":"ultimate-addons-for-gutenberg\/ultimate-addons-for-gutenberg.php","name":"Spectra"}]},"id-85359":{"title":"About","featured-image-url":"https:\/\/websitedemos.net\/wp-content\/uploads\/2024\/01\/photographer-07-about.jpg","thumbnail-image-url":"https:\/\/websitedemos.net\/wp-content\/uploads\/2024\/01\/photographer-07-about-600x1221.jpg","astra-page-api-url":"https:\/\/websitedemos.net\/photographer-07\/wp-json\/wp\/v2\/pages\/4","dynamic-page":"no","astra-page-url":"\/\/websitedemos.net\/photographer-07\/about\/","astra-sites-tag":{"352":"about"},"site-pages-type":"agency-mini","site-pages-page-builder":"gutenberg","site-pages-category":[],"site-pages-parent-category":{"60":"business"},"required-plugins":[{"slug":"ultimate-addons-for-gutenberg","init":"ultimate-addons-for-gutenberg\/ultimate-addons-for-gutenberg.php","name":"Spectra"}]},"id-85363":{"title":"Services","featured-image-url":"https:\/\/websitedemos.net\/wp-content\/uploads\/2024\/01\/photographer-07-services.jpg","thumbnail-image-url":"https:\/\/websitedemos.net\/wp-content\/uploads\/2024\/01\/photographer-07-services-600x1093.jpg","astra-page-api-url":"https:\/\/websitedemos.net\/photographer-07\/wp-json\/wp\/v2\/pages\/13","dynamic-page":"no","astra-page-url":"\/\/websitedemos.net\/photographer-07\/services\/","astra-sites-tag":{"425":"services"},"site-pages-type":"agency-mini","site-pages-page-builder":"gutenberg","site-pages-category":[],"site-pages-parent-category":{"60":"business"},"required-plugins":[{"slug":"ultimate-addons-for-gutenberg","init":"ultimate-addons-for-gutenberg\/ultimate-addons-for-gutenberg.php","name":"Spectra"}]},"id-85362":{"title":"Portfolio","featured-image-url":"https:\/\/websitedemos.net\/wp-content\/uploads\/2024\/01\/photographer-07-portdolio.jpg","thumbnail-image-url":"https:\/\/websitedemos.net\/wp-content\/uploads\/2024\/01\/photographer-07-portdolio-600x1965.jpg","astra-page-api-url":"https:\/\/websitedemos.net\/photographer-07\/wp-json\/wp\/v2\/pages\/15","dynamic-page":"no","astra-page-url":"\/\/websitedemos.net\/photographer-07\/portfolio\/","astra-sites-tag":{"444":"portfolio"},"site-pages-type":"agency-mini","site-pages-page-builder":"gutenberg","site-pages-category":[],"site-pages-parent-category":{"60":"business"},"required-plugins":[{"slug":"ultimate-addons-for-gutenberg","init":"ultimate-addons-for-gutenberg\/ultimate-addons-for-gutenberg.php","name":"Spectra"}]},"id-85360":{"title":"Contact","featured-image-url":"https:\/\/websitedemos.net\/wp-content\/uploads\/2024\/01\/photographer-07-contact.jpg","thumbnail-image-url":"https:\/\/websitedemos.net\/wp-content\/uploads\/2024\/01\/photographer-07-contact-600x1146.jpg","astra-page-api-url":"https:\/\/websitedemos.net\/photographer-07\/wp-json\/wp\/v2\/pages\/17","dynamic-page":"no","astra-page-url":"\/\/websitedemos.net\/photographer-07\/contact\/","astra-sites-tag":{"415":"contact"},"site-pages-type":"agency-mini","site-pages-page-builder":"gutenberg","site-pages-category":[],"site-pages-parent-category":{"60":"business"},"required-plugins":[{"slug":"ultimate-addons-for-gutenberg","init":"ultimate-addons-for-gutenberg\/ultimate-addons-for-gutenberg.php","name":"Spectra"},{"slug":"sureforms","init":"sureforms\/sureforms.php","name":"SureForms"}]}},"related-bb-template":"","related-elementor-template":"","related-gutenberg-template":"","related_ecommerce_template":"","ecommerce_parent_template":""},"id-48208":{"title":"Plumber","id":48208,"publish-date":1603905881,"featured-image-url":"https:\/\/websitedemos.net\/wp-content\/uploads\/2020\/10\/plumber-08.jpg","thumbnail-image-url":"https:\/\/websitedemos.net\/wp-content\/uploads\/2020\/10\/plumber-08-600x1930.jpg","fullpage-thumbnail-image-url":"https:\/\/websitedemos.net\/wp-content\/uploads\/2020\/10\/plumber-08-400x1287.jpg","astra-site-url":"\/\/websitedemos.net\/plumber-08","astra-site-parent-id":1706,"astra-sites-tag":{"1712":"commercial-plumbing","439":"local-services","507":"plumber","508":"plumbing","1711":"remolding-services","1710":"residential-plumbing"},"astra-sites-type":"free","astra-site-category":{"27":"business","39":"free"},"astra-sites-template-category":[],"astra-site-page-builder":"gutenberg","categories":{"2471":"local-technician"},"required-plugins":[{"slug":"ultimate-addons-for-gutenberg","init":"ultimate-addons-for-gutenberg\/ultimate-addons-for-gutenberg.php","name":"Spectra"},{"slug":"sureforms","init":"sureforms\/sureforms.php","name":"SureForms"}],"post-status":"publish","post-content":"","post-excerpt":"","pages":{"id-48212":{"title":"Home","featured-image-url":"https:\/\/websitedemos.net\/wp-content\/uploads\/2020\/10\/plumber-08.jpg","thumbnail-image-url":"https:\/\/websitedemos.net\/wp-content\/uploads\/2020\/10\/plumber-08-600x1930.jpg","astra-page-api-url":"https:\/\/websitedemos.net\/plumber-08\/wp-json\/wp\/v2\/pages\/34","dynamic-page":"no","astra-page-url":"\/\/websitedemos.net\/plumber-08\/","astra-sites-tag":{"423":"home"},"site-pages-type":"free","site-pages-page-builder":"gutenberg","site-pages-category":[],"site-pages-parent-category":{"60":"business","61":"free"},"required-plugins":[{"slug":"ultimate-addons-for-gutenberg","init":"ultimate-addons-for-gutenberg\/ultimate-addons-for-gutenberg.php","name":"Spectra"},{"slug":"sureforms","init":"sureforms\/sureforms.php","name":"SureForms"}]},"id-48209":{"title":"About","featured-image-url":"https:\/\/websitedemos.net\/wp-content\/uploads\/2020\/10\/plumber-08-about-2.jpg","thumbnail-image-url":"https:\/\/websitedemos.net\/wp-content\/uploads\/2020\/10\/plumber-08-about-2-600x1093.jpg","astra-page-api-url":"https:\/\/websitedemos.net\/plumber-08\/wp-json\/wp\/v2\/pages\/29","dynamic-page":"no","astra-page-url":"\/\/websitedemos.net\/plumber-08\/about\/","astra-sites-tag":{"352":"about"},"site-pages-type":"free","site-pages-page-builder":"gutenberg","site-pages-category":[],"site-pages-parent-category":{"60":"business","61":"free"},"required-plugins":[{"slug":"ultimate-addons-for-gutenberg","init":"ultimate-addons-for-gutenberg\/ultimate-addons-for-gutenberg.php","name":"Spectra"}]},"id-48213":{"title":"Services","featured-image-url":"https:\/\/websitedemos.net\/wp-content\/uploads\/2020\/10\/plumber-08-services-2.jpg","thumbnail-image-url":"https:\/\/websitedemos.net\/wp-content\/uploads\/2020\/10\/plumber-08-services-2-600x1603.jpg","astra-page-api-url":"https:\/\/websitedemos.net\/plumber-08\/wp-json\/wp\/v2\/pages\/30","dynamic-page":"no","astra-page-url":"\/\/websitedemos.net\/plumber-08\/services\/","astra-sites-tag":{"425":"services","451":"work"},"site-pages-type":"free","site-pages-page-builder":"gutenberg","site-pages-category":[],"site-pages-parent-category":{"60":"business","61":"free"},"required-plugins":[{"slug":"ultimate-addons-for-gutenberg","init":"ultimate-addons-for-gutenberg\/ultimate-addons-for-gutenberg.php","name":"Spectra"}]},"id-48214":{"title":"Testimonials","featured-image-url":"https:\/\/websitedemos.net\/wp-content\/uploads\/2020\/10\/plumber-08-testimonials.jpg","thumbnail-image-url":"https:\/\/websitedemos.net\/wp-content\/uploads\/2020\/10\/plumber-08-testimonials-600x1293.jpg","astra-page-api-url":"https:\/\/websitedemos.net\/plumber-08\/wp-json\/wp\/v2\/pages\/31","dynamic-page":"no","astra-page-url":"\/\/websitedemos.net\/plumber-08\/testimonials\/","astra-sites-tag":{"432":"review","433":"testimonials"},"site-pages-type":"free","site-pages-page-builder":"gutenberg","site-pages-category":[],"site-pages-parent-category":{"60":"business","61":"free"},"required-plugins":[{"slug":"ultimate-addons-for-gutenberg","init":"ultimate-addons-for-gutenberg\/ultimate-addons-for-gutenberg.php","name":"Spectra"}]},"id-48211":{"title":"FAQ","featured-image-url":"https:\/\/websitedemos.net\/wp-content\/uploads\/2020\/10\/plumber-08-faq-2.jpg","thumbnail-image-url":"https:\/\/websitedemos.net\/wp-content\/uploads\/2020\/10\/plumber-08-faq-2-600x1751.jpg","astra-page-api-url":"https:\/\/websitedemos.net\/plumber-08\/wp-json\/wp\/v2\/pages\/32","dynamic-page":"no","astra-page-url":"\/\/websitedemos.net\/plumber-08\/faq\/","astra-sites-tag":{"426":"faq","1476":"frequently-asked-questions"},"site-pages-type":"free","site-pages-page-builder":"gutenberg","site-pages-category":[],"site-pages-parent-category":{"60":"business","61":"free"},"required-plugins":[{"slug":"ultimate-addons-for-gutenberg","init":"ultimate-addons-for-gutenberg\/ultimate-addons-for-gutenberg.php","name":"Spectra"}]},"id-48210":{"title":"Contact","featured-image-url":"https:\/\/websitedemos.net\/wp-content\/uploads\/2020\/10\/plumber-08-contact-2.jpg","thumbnail-image-url":"https:\/\/websitedemos.net\/wp-content\/uploads\/2020\/10\/plumber-08-contact-2-600x998.jpg","astra-page-api-url":"https:\/\/websitedemos.net\/plumber-08\/wp-json\/wp\/v2\/pages\/33","dynamic-page":"no","astra-page-url":"\/\/websitedemos.net\/plumber-08\/contact\/","astra-sites-tag":{"415":"contact"},"site-pages-type":"free","site-pages-page-builder":"gutenberg","site-pages-category":[],"site-pages-parent-category":{"60":"business","61":"free"},"required-plugins":[{"slug":"ultimate-addons-for-gutenberg","init":"ultimate-addons-for-gutenberg\/ultimate-addons-for-gutenberg.php","name":"Spectra"},{"slug":"sureforms","init":"sureforms\/sureforms.php","name":"SureForms"}]}},"related-bb-template":"","related-elementor-template":"","related-gutenberg-template":"","related_ecommerce_template":"","ecommerce_parent_template":""},"id-85302":{"title":"theAgency","id":85302,"publish-date":1706042644,"featured-image-url":"https:\/\/websitedemos.net\/wp-content\/uploads\/2024\/01\/wordpress-agency-07.jpg","thumbnail-image-url":"https:\/\/websitedemos.net\/wp-content\/uploads\/2024\/01\/wordpress-agency-07-600x3575.jpg","fullpage-thumbnail-image-url":"https:\/\/websitedemos.net\/wp-content\/uploads\/2024\/01\/wordpress-agency-07-400x2383.jpg","astra-site-url":"\/\/websitedemos.net\/wordpress-agency-07","astra-site-parent-id":3405,"astra-sites-tag":{"663":"agency","979":"company","664":"digital-services","812":"office","665":"service-agency","661":"website"},"astra-sites-type":"agency-mini","astra-site-category":{"27":"business"},"astra-sites-template-category":{"2777":"business","2812":"digital-agency","2768":"portfolio","2831":"service"},"astra-site-page-builder":"gutenberg","categories":{"2487":"agency"},"required-plugins":[{"slug":"astra-addon","init":"astra-addon\/astra-addon.php","name":"Astra Pro"},{"slug":"ultimate-addons-for-gutenberg","init":"ultimate-addons-for-gutenberg\/ultimate-addons-for-gutenberg.php","name":"Spectra"},{"slug":"sureforms","init":"sureforms\/sureforms.php","name":"SureForms"}],"post-status":"publish","post-content":"","post-excerpt":"","pages":{"id-85305":{"title":"Home","featured-image-url":"https:\/\/websitedemos.net\/wp-content\/uploads\/2024\/01\/wordpress-agency-07.jpg","thumbnail-image-url":"https:\/\/websitedemos.net\/wp-content\/uploads\/2024\/01\/wordpress-agency-07-600x3575.jpg","astra-page-api-url":"https:\/\/websitedemos.net\/wordpress-agency-07\/wp-json\/wp\/v2\/pages\/28","dynamic-page":"no","astra-page-url":"\/\/websitedemos.net\/wordpress-agency-07\/","astra-sites-tag":{"423":"home"},"site-pages-type":"agency-mini","site-pages-page-builder":"gutenberg","site-pages-category":[],"site-pages-parent-category":{"60":"business"},"required-plugins":[{"slug":"astra-addon","init":"astra-addon\/astra-addon.php","name":"Astra Pro"},{"slug":"ultimate-addons-for-gutenberg","init":"ultimate-addons-for-gutenberg\/ultimate-addons-for-gutenberg.php","name":"Spectra"}]},"id-85303":{"title":"About","featured-image-url":"https:\/\/websitedemos.net\/wp-content\/uploads\/2024\/01\/wordpress-agency-07-about.jpg","thumbnail-image-url":"https:\/\/websitedemos.net\/wp-content\/uploads\/2024\/01\/wordpress-agency-07-about-600x1789.jpg","astra-page-api-url":"https:\/\/websitedemos.net\/wordpress-agency-07\/wp-json\/wp\/v2\/pages\/23","dynamic-page":"no","astra-page-url":"\/\/websitedemos.net\/wordpress-agency-07\/about\/","astra-sites-tag":{"352":"about"},"site-pages-type":"agency-mini","site-pages-page-builder":"gutenberg","site-pages-category":[],"site-pages-parent-category":{"60":"business"},"required-plugins":[{"slug":"astra-addon","init":"astra-addon\/astra-addon.php","name":"Astra Pro"},{"slug":"ultimate-addons-for-gutenberg","init":"ultimate-addons-for-gutenberg\/ultimate-addons-for-gutenberg.php","name":"Spectra"}]},"id-85307":{"title":"Services","featured-image-url":"https:\/\/websitedemos.net\/wp-content\/uploads\/2024\/01\/wordpress-agency-07-services.jpg","thumbnail-image-url":"https:\/\/websitedemos.net\/wp-content\/uploads\/2024\/01\/wordpress-agency-07-services-600x1569.jpg","astra-page-api-url":"https:\/\/websitedemos.net\/wordpress-agency-07\/wp-json\/wp\/v2\/pages\/30","dynamic-page":"no","astra-page-url":"\/\/websitedemos.net\/wordpress-agency-07\/services\/","astra-sites-tag":{"425":"services"},"site-pages-type":"agency-mini","site-pages-page-builder":"gutenberg","site-pages-category":[],"site-pages-parent-category":{"60":"business"},"required-plugins":[{"slug":"astra-addon","init":"astra-addon\/astra-addon.php","name":"Astra Pro"},{"slug":"ultimate-addons-for-gutenberg","init":"ultimate-addons-for-gutenberg\/ultimate-addons-for-gutenberg.php","name":"Spectra"}]},"id-85306":{"title":"Projects","featured-image-url":"https:\/\/websitedemos.net\/wp-content\/uploads\/2024\/01\/wordpress-agency-07-projects.jpg","thumbnail-image-url":"https:\/\/websitedemos.net\/wp-content\/uploads\/2024\/01\/wordpress-agency-07-projects-600x1947.jpg","astra-page-api-url":"https:\/\/websitedemos.net\/wordpress-agency-07\/wp-json\/wp\/v2\/pages\/33","dynamic-page":"no","astra-page-url":"\/\/websitedemos.net\/wordpress-agency-07\/projects\/","astra-sites-tag":{"424":"project"},"site-pages-type":"agency-mini","site-pages-page-builder":"gutenberg","site-pages-category":[],"site-pages-parent-category":{"60":"business"},"required-plugins":[{"slug":"astra-addon","init":"astra-addon\/astra-addon.php","name":"Astra Pro"},{"slug":"ultimate-addons-for-gutenberg","init":"ultimate-addons-for-gutenberg\/ultimate-addons-for-gutenberg.php","name":"Spectra"}]},"id-85308":{"title":"Testimonials","featured-image-url":"https:\/\/websitedemos.net\/wp-content\/uploads\/2024\/01\/wordpress-agency-07-testimonials.jpg","thumbnail-image-url":"https:\/\/websitedemos.net\/wp-content\/uploads\/2024\/01\/wordpress-agency-07-testimonials-600x2232.jpg","astra-page-api-url":"https:\/\/websitedemos.net\/wordpress-agency-07\/wp-json\/wp\/v2\/pages\/35","dynamic-page":"no","astra-page-url":"\/\/websitedemos.net\/wordpress-agency-07\/testimonials\/","astra-sites-tag":{"433":"testimonials"},"site-pages-type":"agency-mini","site-pages-page-builder":"gutenberg","site-pages-category":[],"site-pages-parent-category":{"60":"business"},"required-plugins":[{"slug":"astra-addon","init":"astra-addon\/astra-addon.php","name":"Astra Pro"},{"slug":"ultimate-addons-for-gutenberg","init":"ultimate-addons-for-gutenberg\/ultimate-addons-for-gutenberg.php","name":"Spectra"}]},"id-85304":{"title":"Contact","featured-image-url":"https:\/\/websitedemos.net\/wp-content\/uploads\/2024\/01\/wordpress-agency-07-contact.jpg","thumbnail-image-url":"https:\/\/websitedemos.net\/wp-content\/uploads\/2024\/01\/wordpress-agency-07-contact-600x1340.jpg","astra-page-api-url":"https:\/\/websitedemos.net\/wordpress-agency-07\/wp-json\/wp\/v2\/pages\/37","dynamic-page":"no","astra-page-url":"\/\/websitedemos.net\/wordpress-agency-07\/contact\/","astra-sites-tag":{"415":"contact"},"site-pages-type":"agency-mini","site-pages-page-builder":"gutenberg","site-pages-category":[],"site-pages-parent-category":{"60":"business"},"required-plugins":[{"slug":"astra-addon","init":"astra-addon\/astra-addon.php","name":"Astra Pro"},{"slug":"ultimate-addons-for-gutenberg","init":"ultimate-addons-for-gutenberg\/ultimate-addons-for-gutenberg.php","name":"Spectra"},{"slug":"sureforms","init":"sureforms\/sureforms.php","name":"SureForms"}]}},"related-bb-template":"","related-elementor-template":"","related-gutenberg-template":"","related_ecommerce_template":"","ecommerce_parent_template":""},"id-48188":{"title":"Interior Designer","id":48188,"publish-date":1603905861,"featured-image-url":"https:\/\/websitedemos.net\/wp-content\/uploads\/2020\/10\/interior-designer-08.jpg","thumbnail-image-url":"https:\/\/websitedemos.net\/wp-content\/uploads\/2020\/10\/interior-designer-08-600x1322.jpg","fullpage-thumbnail-image-url":"https:\/\/websitedemos.net\/wp-content\/uploads\/2020\/10\/interior-designer-08-400x881.jpg","astra-site-url":"\/\/websitedemos.net\/interior-designer-08","astra-site-parent-id":1705,"astra-sites-tag":{"435":"architecture","436":"interior","434":"interior-design","422":"landscaping","1022":"professional","437":"zoning"},"astra-sites-type":"free","astra-site-category":{"27":"business","39":"free"},"astra-sites-template-category":[],"astra-site-page-builder":"gutenberg","categories":{"2488":"portfolio","2484":"real-estate"},"required-plugins":[{"slug":"ultimate-addons-for-gutenberg","init":"ultimate-addons-for-gutenberg\/ultimate-addons-for-gutenberg.php","name":"Spectra"},{"slug":"sureforms","init":"sureforms\/sureforms.php","name":"SureForms"}],"post-status":"publish","post-content":"","post-excerpt":"","pages":{"id-48191":{"title":"Home","featured-image-url":"https:\/\/websitedemos.net\/wp-content\/uploads\/2020\/10\/interior-designer-08.jpg","thumbnail-image-url":"https:\/\/websitedemos.net\/wp-content\/uploads\/2020\/10\/interior-designer-08-600x1322.jpg","astra-page-api-url":"https:\/\/websitedemos.net\/interior-designer-08\/wp-json\/wp\/v2\/pages\/688","dynamic-page":"no","astra-page-url":"\/\/websitedemos.net\/interior-designer-08\/","astra-sites-tag":{"814":"homepage"},"site-pages-type":"free","site-pages-page-builder":"gutenberg","site-pages-category":[],"site-pages-parent-category":{"60":"business","61":"free"},"required-plugins":[{"slug":"ultimate-addons-for-gutenberg","init":"ultimate-addons-for-gutenberg\/ultimate-addons-for-gutenberg.php","name":"Spectra"}]},"id-48189":{"title":"About","featured-image-url":"https:\/\/websitedemos.net\/wp-content\/uploads\/2020\/10\/interior-designer-08-about.jpg","thumbnail-image-url":"https:\/\/websitedemos.net\/wp-content\/uploads\/2020\/10\/interior-designer-08-about-600x1240.jpg","astra-page-api-url":"https:\/\/websitedemos.net\/interior-designer-08\/wp-json\/wp\/v2\/pages\/689","dynamic-page":"no","astra-page-url":"\/\/websitedemos.net\/interior-designer-08\/about\/","astra-sites-tag":{"352":"about"},"site-pages-type":"free","site-pages-page-builder":"gutenberg","site-pages-category":[],"site-pages-parent-category":{"60":"business","61":"free"},"required-plugins":[{"slug":"ultimate-addons-for-gutenberg","init":"ultimate-addons-for-gutenberg\/ultimate-addons-for-gutenberg.php","name":"Spectra"}]},"id-48193":{"title":"Services","featured-image-url":"https:\/\/websitedemos.net\/wp-content\/uploads\/2020\/10\/interior-designer-08-services.jpg","thumbnail-image-url":"https:\/\/websitedemos.net\/wp-content\/uploads\/2020\/10\/interior-designer-08-services-600x1104.jpg","astra-page-api-url":"https:\/\/websitedemos.net\/interior-designer-08\/wp-json\/wp\/v2\/pages\/690","dynamic-page":"no","astra-page-url":"\/\/websitedemos.net\/interior-designer-08\/services\/","astra-sites-tag":{"425":"services"},"site-pages-type":"free","site-pages-page-builder":"gutenberg","site-pages-category":[],"site-pages-parent-category":{"60":"business","61":"free"},"required-plugins":[{"slug":"ultimate-addons-for-gutenberg","init":"ultimate-addons-for-gutenberg\/ultimate-addons-for-gutenberg.php","name":"Spectra"}]},"id-48192":{"title":"Projects","featured-image-url":"https:\/\/websitedemos.net\/wp-content\/uploads\/2020\/10\/interior-designer-08-projects.jpg","thumbnail-image-url":"https:\/\/websitedemos.net\/wp-content\/uploads\/2020\/10\/interior-designer-08-projects-600x1736.jpg","astra-page-api-url":"https:\/\/websitedemos.net\/interior-designer-08\/wp-json\/wp\/v2\/pages\/691","dynamic-page":"no","astra-page-url":"\/\/websitedemos.net\/interior-designer-08\/projects\/","astra-sites-tag":{"424":"project"},"site-pages-type":"free","site-pages-page-builder":"gutenberg","site-pages-category":[],"site-pages-parent-category":{"60":"business","61":"free"},"required-plugins":[{"slug":"ultimate-addons-for-gutenberg","init":"ultimate-addons-for-gutenberg\/ultimate-addons-for-gutenberg.php","name":"Spectra"}]},"id-48194":{"title":"Testimonials","featured-image-url":"https:\/\/websitedemos.net\/wp-content\/uploads\/2020\/10\/interior-designer-08-testimonials.jpg","thumbnail-image-url":"https:\/\/websitedemos.net\/wp-content\/uploads\/2020\/10\/interior-designer-08-testimonials-600x1335.jpg","astra-page-api-url":"https:\/\/websitedemos.net\/interior-designer-08\/wp-json\/wp\/v2\/pages\/692","dynamic-page":"no","astra-page-url":"\/\/websitedemos.net\/interior-designer-08\/testimonials\/","astra-sites-tag":{"433":"testimonials"},"site-pages-type":"free","site-pages-page-builder":"gutenberg","site-pages-category":[],"site-pages-parent-category":{"60":"business","61":"free"},"required-plugins":[{"slug":"ultimate-addons-for-gutenberg","init":"ultimate-addons-for-gutenberg\/ultimate-addons-for-gutenberg.php","name":"Spectra"}]},"id-48190":{"title":"Contact","featured-image-url":"https:\/\/websitedemos.net\/wp-content\/uploads\/2020\/10\/interior-designer-08-contact.jpg","thumbnail-image-url":"https:\/\/websitedemos.net\/wp-content\/uploads\/2020\/10\/interior-designer-08-contact-600x862.jpg","astra-page-api-url":"https:\/\/websitedemos.net\/interior-designer-08\/wp-json\/wp\/v2\/pages\/693","dynamic-page":"no","astra-page-url":"\/\/websitedemos.net\/interior-designer-08\/contact\/","astra-sites-tag":{"415":"contact"},"site-pages-type":"free","site-pages-page-builder":"gutenberg","site-pages-category":[],"site-pages-parent-category":{"60":"business","61":"free"},"required-plugins":[{"slug":"ultimate-addons-for-gutenberg","init":"ultimate-addons-for-gutenberg\/ultimate-addons-for-gutenberg.php","name":"Spectra"},{"slug":"sureforms","init":"sureforms\/sureforms.php","name":"SureForms"}]}},"related-bb-template":"","related-elementor-template":"","related-gutenberg-template":"","related_ecommerce_template":"","ecommerce_parent_template":""},"id-85319":{"title":"Winery","id":85319,"publish-date":1706042604,"featured-image-url":"https:\/\/websitedemos.net\/wp-content\/uploads\/2024\/01\/winery-07.jpg","thumbnail-image-url":"https:\/\/websitedemos.net\/wp-content\/uploads\/2024\/01\/winery-07-600x1989.jpg","fullpage-thumbnail-image-url":"https:\/\/websitedemos.net\/wp-content\/uploads\/2024\/01\/winery-07-400x1326.jpg","astra-site-url":"\/\/websitedemos.net\/winery-07","astra-site-parent-id":3408,"astra-sites-tag":{"635":"brewery","632":"farming","1019":"wine-prouction","633":"winery"},"astra-sites-type":"agency-mini","astra-site-category":{"27":"business"},"astra-sites-template-category":{"2777":"business","2813":"winery"},"astra-site-page-builder":"gutenberg","categories":{"2474":"manufacturing"},"required-plugins":[{"slug":"ultimate-addons-for-gutenberg","init":"ultimate-addons-for-gutenberg\/ultimate-addons-for-gutenberg.php","name":"Spectra"}],"post-status":"publish","post-content":"","post-excerpt":"","pages":{"id-85323":{"title":"Home","featured-image-url":"https:\/\/websitedemos.net\/wp-content\/uploads\/2024\/01\/winery-07.jpg","thumbnail-image-url":"https:\/\/websitedemos.net\/wp-content\/uploads\/2024\/01\/winery-07-600x1989.jpg","astra-page-api-url":"https:\/\/websitedemos.net\/winery-07\/wp-json\/wp\/v2\/pages\/1179","dynamic-page":"no","astra-page-url":"\/\/websitedemos.net\/winery-07\/","astra-sites-tag":{"423":"home"},"site-pages-type":"agency-mini","site-pages-page-builder":"gutenberg","site-pages-category":[],"site-pages-parent-category":{"60":"business"},"required-plugins":[{"slug":"ultimate-addons-for-gutenberg","init":"ultimate-addons-for-gutenberg\/ultimate-addons-for-gutenberg.php","name":"Spectra"}]},"id-85324":{"title":"Our Story","featured-image-url":"https:\/\/websitedemos.net\/wp-content\/uploads\/2024\/01\/winery-07-our-story.jpg","thumbnail-image-url":"https:\/\/websitedemos.net\/wp-content\/uploads\/2024\/01\/winery-07-our-story-600x1191.jpg","astra-page-api-url":"https:\/\/websitedemos.net\/winery-07\/wp-json\/wp\/v2\/pages\/1181","dynamic-page":"no","astra-page-url":"\/\/websitedemos.net\/winery-07\/our-story\/","astra-sites-tag":{"905":"our-story"},"site-pages-type":"agency-mini","site-pages-page-builder":"gutenberg","site-pages-category":[],"site-pages-parent-category":{"60":"business"},"required-plugins":[{"slug":"ultimate-addons-for-gutenberg","init":"ultimate-addons-for-gutenberg\/ultimate-addons-for-gutenberg.php","name":"Spectra"}]},"id-85321":{"title":"Events","featured-image-url":"https:\/\/websitedemos.net\/wp-content\/uploads\/2024\/01\/winery-07-events.jpg","thumbnail-image-url":"https:\/\/websitedemos.net\/wp-content\/uploads\/2024\/01\/winery-07-events-600x1299.jpg","astra-page-api-url":"https:\/\/websitedemos.net\/winery-07\/wp-json\/wp\/v2\/pages\/1185","dynamic-page":"no","astra-page-url":"\/\/websitedemos.net\/winery-07\/events\/","astra-sites-tag":{"1569":"events"},"site-pages-type":"agency-mini","site-pages-page-builder":"gutenberg","site-pages-category":[],"site-pages-parent-category":{"60":"business"},"required-plugins":[{"slug":"ultimate-addons-for-gutenberg","init":"ultimate-addons-for-gutenberg\/ultimate-addons-for-gutenberg.php","name":"Spectra"}]},"id-85322":{"title":"Experience","featured-image-url":"https:\/\/websitedemos.net\/wp-content\/uploads\/2024\/01\/winery-07-experience.jpg","thumbnail-image-url":"https:\/\/websitedemos.net\/wp-content\/uploads\/2024\/01\/winery-07-experience-600x2178.jpg","astra-page-api-url":"https:\/\/websitedemos.net\/winery-07\/wp-json\/wp\/v2\/pages\/1183","dynamic-page":"no","astra-page-url":"\/\/websitedemos.net\/winery-07\/experience\/","astra-sites-tag":{"636":"experience"},"site-pages-type":"agency-mini","site-pages-page-builder":"gutenberg","site-pages-category":[],"site-pages-parent-category":{"60":"business"},"required-plugins":[{"slug":"ultimate-addons-for-gutenberg","init":"ultimate-addons-for-gutenberg\/ultimate-addons-for-gutenberg.php","name":"Spectra"}]},"id-85320":{"title":"Contact","featured-image-url":"https:\/\/websitedemos.net\/wp-content\/uploads\/2024\/01\/winery-07-contact.jpg","thumbnail-image-url":"https:\/\/websitedemos.net\/wp-content\/uploads\/2024\/01\/winery-07-contact-600x874.jpg","astra-page-api-url":"https:\/\/websitedemos.net\/winery-07\/wp-json\/wp\/v2\/pages\/1187","dynamic-page":"no","astra-page-url":"\/\/websitedemos.net\/winery-07\/contact\/","astra-sites-tag":{"415":"contact"},"site-pages-type":"agency-mini","site-pages-page-builder":"gutenberg","site-pages-category":[],"site-pages-parent-category":{"60":"business"},"required-plugins":[{"slug":"ultimate-addons-for-gutenberg","init":"ultimate-addons-for-gutenberg\/ultimate-addons-for-gutenberg.php","name":"Spectra"}]}},"related-bb-template":"","related-elementor-template":"","related-gutenberg-template":"","related_ecommerce_template":"","ecommerce_parent_template":""},"id-85316":{"title":"Personal Trainer","id":85316,"publish-date":1706039939,"featured-image-url":"https:\/\/websitedemos.net\/wp-content\/uploads\/2024\/01\/personals-trainer-07.jpg","thumbnail-image-url":"https:\/\/websitedemos.net\/wp-content\/uploads\/2024\/01\/personals-trainer-07-600x3277.jpg","fullpage-thumbnail-image-url":"https:\/\/websitedemos.net\/wp-content\/uploads\/2024\/01\/personals-trainer-07-400x2185.jpg","astra-site-url":"\/\/websitedemos.net\/personal-trainer-07","astra-site-parent-id":3407,"astra-sites-tag":{"499":"fitness","505":"fitness-trainer","976":"gym-instructor","504":"gym-trainer","1454":"personal-trainer","1455":"workout-trainer"},"astra-sites-type":"agency-mini","astra-site-category":{"27":"business"},"astra-sites-template-category":{"2777":"business","2787":"gym-fitness","2771":"one-page","2770":"personal"},"astra-site-page-builder":"gutenberg","categories":{"2480":"fitness-wellness","2927":"one-page"},"required-plugins":[{"slug":"ultimate-addons-for-gutenberg","init":"ultimate-addons-for-gutenberg\/ultimate-addons-for-gutenberg.php","name":"Spectra"},{"slug":"sureforms","init":"sureforms\/sureforms.php","name":"SureForms"}],"post-status":"publish","post-content":"","post-excerpt":"","pages":{"id-85317":{"title":"Trainer Jenny","featured-image-url":"https:\/\/websitedemos.net\/wp-content\/uploads\/2024\/01\/personals-trainer-07.jpg","thumbnail-image-url":"https:\/\/websitedemos.net\/wp-content\/uploads\/2024\/01\/personals-trainer-07-600x3277.jpg","astra-page-api-url":"https:\/\/websitedemos.net\/personal-trainer-07\/wp-json\/wp\/v2\/pages\/309","dynamic-page":"no","astra-page-url":"\/\/websitedemos.net\/personal-trainer-07\/","astra-sites-tag":{"423":"home"},"site-pages-type":"agency-mini","site-pages-page-builder":"gutenberg","site-pages-category":[],"site-pages-parent-category":{"60":"business"},"required-plugins":[{"slug":"ultimate-addons-for-gutenberg","init":"ultimate-addons-for-gutenberg\/ultimate-addons-for-gutenberg.php","name":"Spectra"},{"slug":"sureforms","init":"sureforms\/sureforms.php","name":"SureForms"}]}},"related-bb-template":"","related-elementor-template":"","related-gutenberg-template":"","related_ecommerce_template":"","ecommerce_parent_template":""},"id-84604":{"title":"Architecture Firm","id":84604,"publish-date":1699906822,"featured-image-url":"https:\/\/websitedemos.net\/wp-content\/uploads\/2023\/11\/architects-07.jpg","thumbnail-image-url":"https:\/\/websitedemos.net\/wp-content\/uploads\/2023\/11\/architects-07-600x2025.jpg","fullpage-thumbnail-image-url":"https:\/\/websitedemos.net\/wp-content\/uploads\/2023\/11\/architects-07-400x1350.jpg","astra-site-url":"\/\/websitedemos.net\/architects-07","astra-site-parent-id":3397,"astra-sites-tag":{"435":"architecture","436":"interior","434":"interior-design","422":"landscaping","437":"zoning"},"astra-sites-type":"agency-mini","astra-site-category":{"27":"business"},"astra-sites-template-category":{"2795":"architecture","2777":"business","2793":"interior-design","2852":"landscaping"},"astra-site-page-builder":"gutenberg","categories":{"2484":"real-estate"},"required-plugins":[{"slug":"ultimate-addons-for-gutenberg","init":"ultimate-addons-for-gutenberg\/ultimate-addons-for-gutenberg.php","name":"Spectra"},{"slug":"sureforms","init":"sureforms\/sureforms.php","name":"SureForms"}],"post-status":"publish","post-content":"","post-excerpt":"","pages":{"id-84608":{"title":"Home","featured-image-url":"https:\/\/websitedemos.net\/wp-content\/uploads\/2023\/11\/architects-07.jpg","thumbnail-image-url":"https:\/\/websitedemos.net\/wp-content\/uploads\/2023\/11\/architects-07-600x2025.jpg","astra-page-api-url":"https:\/\/websitedemos.net\/architects-07\/wp-json\/wp\/v2\/pages\/455","dynamic-page":"no","astra-page-url":"\/\/websitedemos.net\/architects-07\/","astra-sites-tag":{"423":"home"},"site-pages-type":"agency-mini","site-pages-page-builder":"gutenberg","site-pages-category":[],"site-pages-parent-category":{"60":"business"},"required-plugins":[{"slug":"ultimate-addons-for-gutenberg","init":"ultimate-addons-for-gutenberg\/ultimate-addons-for-gutenberg.php","name":"Spectra"}]},"id-84605":{"title":"About","featured-image-url":"https:\/\/websitedemos.net\/wp-content\/uploads\/2023\/11\/architects-07-about.jpg","thumbnail-image-url":"https:\/\/websitedemos.net\/wp-content\/uploads\/2023\/11\/architects-07-about-600x1920.jpg","astra-page-api-url":"https:\/\/websitedemos.net\/architects-07\/wp-json\/wp\/v2\/pages\/456","dynamic-page":"no","astra-page-url":"\/\/websitedemos.net\/architects-07\/about\/","astra-sites-tag":{"352":"about"},"site-pages-type":"agency-mini","site-pages-page-builder":"gutenberg","site-pages-category":[],"site-pages-parent-category":{"60":"business"},"required-plugins":[{"slug":"ultimate-addons-for-gutenberg","init":"ultimate-addons-for-gutenberg\/ultimate-addons-for-gutenberg.php","name":"Spectra"}]},"id-84610":{"title":"Services","featured-image-url":"https:\/\/websitedemos.net\/wp-content\/uploads\/2023\/11\/architects-07-services.jpg","thumbnail-image-url":"https:\/\/websitedemos.net\/wp-content\/uploads\/2023\/11\/architects-07-services-600x1334.jpg","astra-page-api-url":"https:\/\/websitedemos.net\/architects-07\/wp-json\/wp\/v2\/pages\/457","dynamic-page":"no","astra-page-url":"\/\/websitedemos.net\/architects-07\/services\/","astra-sites-tag":{"425":"services"},"site-pages-type":"agency-mini","site-pages-page-builder":"gutenberg","site-pages-category":[],"site-pages-parent-category":{"60":"business"},"required-plugins":[{"slug":"ultimate-addons-for-gutenberg","init":"ultimate-addons-for-gutenberg\/ultimate-addons-for-gutenberg.php","name":"Spectra"}]},"id-84609":{"title":"Projects","featured-image-url":"https:\/\/websitedemos.net\/wp-content\/uploads\/2023\/11\/architects-07-projects.jpg","thumbnail-image-url":"https:\/\/websitedemos.net\/wp-content\/uploads\/2023\/11\/architects-07-projects-600x899.jpg","astra-page-api-url":"https:\/\/websitedemos.net\/architects-07\/wp-json\/wp\/v2\/pages\/458","dynamic-page":"no","astra-page-url":"\/\/websitedemos.net\/architects-07\/projects\/","astra-sites-tag":{"1613":"projects"},"site-pages-type":"agency-mini","site-pages-page-builder":"gutenberg","site-pages-category":[],"site-pages-parent-category":{"60":"business"},"required-plugins":[{"slug":"ultimate-addons-for-gutenberg","init":"ultimate-addons-for-gutenberg\/ultimate-addons-for-gutenberg.php","name":"Spectra"}]},"id-84606":{"title":"Clients","featured-image-url":"https:\/\/websitedemos.net\/wp-content\/uploads\/2023\/11\/architects-07-clients.jpg","thumbnail-image-url":"https:\/\/websitedemos.net\/wp-content\/uploads\/2023\/11\/architects-07-clients-600x1414.jpg","astra-page-api-url":"https:\/\/websitedemos.net\/architects-07\/wp-json\/wp\/v2\/pages\/459","dynamic-page":"no","astra-page-url":"\/\/websitedemos.net\/architects-07\/clients\/","astra-sites-tag":{"450":"clients"},"site-pages-type":"agency-mini","site-pages-page-builder":"gutenberg","site-pages-category":[],"site-pages-parent-category":{"60":"business"},"required-plugins":[{"slug":"ultimate-addons-for-gutenberg","init":"ultimate-addons-for-gutenberg\/ultimate-addons-for-gutenberg.php","name":"Spectra"}]},"id-84607":{"title":"Contacts","featured-image-url":"https:\/\/websitedemos.net\/wp-content\/uploads\/2023\/11\/architects-07-contact.jpg","thumbnail-image-url":"https:\/\/websitedemos.net\/wp-content\/uploads\/2023\/11\/architects-07-contact-600x1109.jpg","astra-page-api-url":"https:\/\/websitedemos.net\/architects-07\/wp-json\/wp\/v2\/pages\/460","dynamic-page":"no","astra-page-url":"\/\/websitedemos.net\/architects-07\/contacts\/","astra-sites-tag":{"415":"contact"},"site-pages-type":"agency-mini","site-pages-page-builder":"gutenberg","site-pages-category":[],"site-pages-parent-category":{"60":"business"},"required-plugins":[{"slug":"ultimate-addons-for-gutenberg","init":"ultimate-addons-for-gutenberg\/ultimate-addons-for-gutenberg.php","name":"Spectra"},{"slug":"sureforms","init":"sureforms\/sureforms.php","name":"SureForms"}]}},"related-bb-template":"","related-elementor-template":"","related-gutenberg-template":"","related_ecommerce_template":"","ecommerce_parent_template":""},"id-93568":{"title":"ArchMasters Architecture","id":93568,"publish-date":1732293935,"featured-image-url":"https:\/\/websitedemos.net\/wp-content\/uploads\/2024\/11\/archmasters-architecture-08.jpg","thumbnail-image-url":"https:\/\/websitedemos.net\/wp-content\/uploads\/2024\/11\/archmasters-architecture-08-600x1744.jpg","fullpage-thumbnail-image-url":"https:\/\/websitedemos.net\/wp-content\/uploads\/2024\/11\/archmasters-architecture-08-400x1162.jpg","astra-site-url":"\/\/websitedemos.net\/archmasters-architecture-08","astra-site-parent-id":3638,"astra-sites-tag":{"435":"architecture","1898":"consulting","3008":"design","2456":"generic","2667":"generic-template","1526":"multi-purpose","2493":"multipurpose","3146":"planning","3145":"project-managements"},"astra-sites-type":"free","astra-site-category":{"39":"free"},"astra-sites-template-category":{"2795":"architecture","2791":"creative"},"astra-site-page-builder":"gutenberg","categories":{"3430":"dark","3428":"free","2500":"multipurpose","2484":"real-estate"},"required-plugins":[{"slug":"ultimate-addons-for-gutenberg","init":"ultimate-addons-for-gutenberg\/ultimate-addons-for-gutenberg.php","name":"Spectra"},{"slug":"sureforms","init":"sureforms\/sureforms.php","name":"SureForms"}],"post-status":"publish","post-content":"","post-excerpt":"The Architect Generic Multipurpose template is everything you need to build a client base","pages":{"id-93573":{"title":"Services","featured-image-url":"https:\/\/websitedemos.net\/wp-content\/uploads\/2024\/11\/archmasters-architecture-08-services.jpg","thumbnail-image-url":"https:\/\/websitedemos.net\/wp-content\/uploads\/2024\/11\/archmasters-architecture-08-services-600x1897.jpg","astra-page-api-url":"https:\/\/websitedemos.net\/archmasters-architecture-08\/wp-json\/wp\/v2\/pages\/538","dynamic-page":"no","astra-page-url":"\/\/websitedemos.net\/archmasters-architecture-08\/services\/","astra-sites-tag":{"2546":"construction-services"},"site-pages-type":"free","site-pages-page-builder":"gutenberg","site-pages-category":[],"site-pages-parent-category":{"61":"free"},"required-plugins":[{"slug":"ultimate-addons-for-gutenberg","init":"ultimate-addons-for-gutenberg\/ultimate-addons-for-gutenberg.php","name":"Spectra"}]},"id-93572":{"title":"Portfolio","featured-image-url":"https:\/\/websitedemos.net\/wp-content\/uploads\/2024\/11\/archmasters-architecture-08-portfolio.jpg","thumbnail-image-url":"https:\/\/websitedemos.net\/wp-content\/uploads\/2024\/11\/archmasters-architecture-08-portfolio-600x1910.jpg","astra-page-api-url":"https:\/\/websitedemos.net\/archmasters-architecture-08\/wp-json\/wp\/v2\/pages\/540","dynamic-page":"no","astra-page-url":"\/\/websitedemos.net\/archmasters-architecture-08\/portfolio\/","astra-sites-tag":{"444":"portfolio"},"site-pages-type":"free","site-pages-page-builder":"gutenberg","site-pages-category":[],"site-pages-parent-category":{"61":"free"},"required-plugins":[{"slug":"ultimate-addons-for-gutenberg","init":"ultimate-addons-for-gutenberg\/ultimate-addons-for-gutenberg.php","name":"Spectra"}]},"id-93571":{"title":"Home","featured-image-url":"https:\/\/websitedemos.net\/wp-content\/uploads\/2024\/11\/archmasters-architecture-08.jpg","thumbnail-image-url":"https:\/\/websitedemos.net\/wp-content\/uploads\/2024\/11\/archmasters-architecture-08-600x1744.jpg","astra-page-api-url":"https:\/\/websitedemos.net\/archmasters-architecture-08\/wp-json\/wp\/v2\/pages\/533","dynamic-page":"no","astra-page-url":"\/\/websitedemos.net\/archmasters-architecture-08\/","astra-sites-tag":{"423":"home"},"site-pages-type":"free","site-pages-page-builder":"gutenberg","site-pages-category":[],"site-pages-parent-category":{"61":"free"},"required-plugins":[{"slug":"ultimate-addons-for-gutenberg","init":"ultimate-addons-for-gutenberg\/ultimate-addons-for-gutenberg.php","name":"Spectra"}]},"id-93570":{"title":"Contact","featured-image-url":"https:\/\/websitedemos.net\/wp-content\/uploads\/2024\/11\/archmasters-architecture-08-contact.jpg","thumbnail-image-url":"https:\/\/websitedemos.net\/wp-content\/uploads\/2024\/11\/archmasters-architecture-08-contact-600x734.jpg","astra-page-api-url":"https:\/\/websitedemos.net\/archmasters-architecture-08\/wp-json\/wp\/v2\/pages\/542","dynamic-page":"no","astra-page-url":"\/\/websitedemos.net\/archmasters-architecture-08\/contact\/","astra-sites-tag":{"415":"contact"},"site-pages-type":"free","site-pages-page-builder":"gutenberg","site-pages-category":[],"site-pages-parent-category":{"61":"free"},"required-plugins":[{"slug":"ultimate-addons-for-gutenberg","init":"ultimate-addons-for-gutenberg\/ultimate-addons-for-gutenberg.php","name":"Spectra"},{"slug":"sureforms","init":"sureforms\/sureforms.php","name":"SureForms"}]},"id-93569":{"title":"About us","featured-image-url":"https:\/\/websitedemos.net\/wp-content\/uploads\/2024\/11\/archmasters-architecture-08-about.jpg","thumbnail-image-url":"https:\/\/websitedemos.net\/wp-content\/uploads\/2024\/11\/archmasters-architecture-08-about-600x2172.jpg","astra-page-api-url":"https:\/\/websitedemos.net\/archmasters-architecture-08\/wp-json\/wp\/v2\/pages\/536","dynamic-page":"no","astra-page-url":"\/\/websitedemos.net\/archmasters-architecture-08\/about-us\/","astra-sites-tag":{"352":"about"},"site-pages-type":"free","site-pages-page-builder":"gutenberg","site-pages-category":[],"site-pages-parent-category":{"61":"free"},"required-plugins":[{"slug":"ultimate-addons-for-gutenberg","init":"ultimate-addons-for-gutenberg\/ultimate-addons-for-gutenberg.php","name":"Spectra"}]}},"related-bb-template":"","related-elementor-template":"","related-gutenberg-template":"","related_ecommerce_template":"","ecommerce_parent_template":""},"id-84383":{"title":"Artist","id":84383,"publish-date":1699294160,"featured-image-url":"https:\/\/websitedemos.net\/wp-content\/uploads\/2023\/11\/artist-07.jpg","thumbnail-image-url":"https:\/\/websitedemos.net\/wp-content\/uploads\/2023\/11\/artist-07-600x1981.jpg","fullpage-thumbnail-image-url":"https:\/\/websitedemos.net\/wp-content\/uploads\/2023\/11\/artist-07-400x1320.jpg","astra-site-url":"\/\/websitedemos.net\/artist-07","astra-site-parent-id":3395,"astra-sites-tag":{"597":"art","339":"artist","595":"exhibition","614":"painter"},"astra-sites-type":"agency-mini","astra-site-category":{"27":"business"},"astra-sites-template-category":{"2802":"artist","2770":"personal","2768":"portfolio"},"astra-site-page-builder":"gutenberg","categories":{"2488":"portfolio"},"required-plugins":[{"slug":"ultimate-addons-for-gutenberg","init":"ultimate-addons-for-gutenberg\/ultimate-addons-for-gutenberg.php","name":"Spectra"}],"post-status":"publish","post-content":"","post-excerpt":"","pages":{"id-84386":{"title":"Home","featured-image-url":"https:\/\/websitedemos.net\/wp-content\/uploads\/2023\/11\/artist-07.jpg","thumbnail-image-url":"https:\/\/websitedemos.net\/wp-content\/uploads\/2023\/11\/artist-07-600x1981.jpg","astra-page-api-url":"https:\/\/websitedemos.net\/artist-07\/wp-json\/wp\/v2\/pages\/9","dynamic-page":"no","astra-page-url":"\/\/websitedemos.net\/artist-07\/","astra-sites-tag":{"423":"home"},"site-pages-type":"agency-mini","site-pages-page-builder":"gutenberg","site-pages-category":[],"site-pages-parent-category":{"60":"business"},"required-plugins":[{"slug":"ultimate-addons-for-gutenberg","init":"ultimate-addons-for-gutenberg\/ultimate-addons-for-gutenberg.php","name":"Spectra"}]},"id-84384":{"title":"About","featured-image-url":"https:\/\/websitedemos.net\/wp-content\/uploads\/2023\/11\/artist-07-about.jpg","thumbnail-image-url":"https:\/\/websitedemos.net\/wp-content\/uploads\/2023\/11\/artist-07-about-600x1302.jpg","astra-page-api-url":"https:\/\/websitedemos.net\/artist-07\/wp-json\/wp\/v2\/pages\/13","dynamic-page":"no","astra-page-url":"\/\/websitedemos.net\/artist-07\/about\/","astra-sites-tag":{"352":"about"},"site-pages-type":"agency-mini","site-pages-page-builder":"gutenberg","site-pages-category":[],"site-pages-parent-category":{"60":"business"},"required-plugins":[{"slug":"ultimate-addons-for-gutenberg","init":"ultimate-addons-for-gutenberg\/ultimate-addons-for-gutenberg.php","name":"Spectra"}]},"id-84387":{"title":"Portfolio","featured-image-url":"https:\/\/websitedemos.net\/wp-content\/uploads\/2023\/11\/artist-07-portfolio.jpg","thumbnail-image-url":"https:\/\/websitedemos.net\/wp-content\/uploads\/2023\/11\/artist-07-portfolio-600x1095.jpg","astra-page-api-url":"https:\/\/websitedemos.net\/artist-07\/wp-json\/wp\/v2\/pages\/11","dynamic-page":"no","astra-page-url":"\/\/websitedemos.net\/artist-07\/portfolio\/","astra-sites-tag":{"444":"portfolio"},"site-pages-type":"agency-mini","site-pages-page-builder":"gutenberg","site-pages-category":[],"site-pages-parent-category":{"60":"business"},"required-plugins":[{"slug":"ultimate-addons-for-gutenberg","init":"ultimate-addons-for-gutenberg\/ultimate-addons-for-gutenberg.php","name":"Spectra"}]},"id-84385":{"title":"Contact","featured-image-url":"https:\/\/websitedemos.net\/wp-content\/uploads\/2023\/11\/artist-07-contact.jpg","thumbnail-image-url":"https:\/\/websitedemos.net\/wp-content\/uploads\/2023\/11\/artist-07-contact-600x711.jpg","astra-page-api-url":"https:\/\/websitedemos.net\/artist-07\/wp-json\/wp\/v2\/pages\/15","dynamic-page":"no","astra-page-url":"\/\/websitedemos.net\/artist-07\/contact\/","astra-sites-tag":{"415":"contact"},"site-pages-type":"agency-mini","site-pages-page-builder":"gutenberg","site-pages-category":[],"site-pages-parent-category":{"60":"business"},"required-plugins":[{"slug":"ultimate-addons-for-gutenberg","init":"ultimate-addons-for-gutenberg\/ultimate-addons-for-gutenberg.php","name":"Spectra"}]}},"related-bb-template":"","related-elementor-template":"","related-gutenberg-template":"","related_ecommerce_template":"","ecommerce_parent_template":""},"id-75040":{"title":"Construction Equipment","id":75040,"publish-date":1689338320,"featured-image-url":"https:\/\/websitedemos.net\/wp-content\/uploads\/2023\/07\/construction-equipments-07.jpg","thumbnail-image-url":"https:\/\/websitedemos.net\/wp-content\/uploads\/2023\/07\/construction-equipments-07-600x2432.jpg","fullpage-thumbnail-image-url":"https:\/\/websitedemos.net\/wp-content\/uploads\/2023\/07\/construction-equipments-07-400x1621.jpg","astra-site-url":"\/\/websitedemos.net\/construction-equipment-07","astra-site-parent-id":3347,"astra-sites-tag":{"435":"architecture","2543":"building","2545":"building-foundation","979":"company","484":"construction","2546":"construction-services","2544":"fabricating","436":"interior","812":"office","485":"real-estate","687":"realty"},"astra-sites-type":"premium","astra-site-category":{"27":"business"},"astra-sites-template-category":{"2795":"architecture","2836":"construction","2793":"interior-design","2832":"property"},"astra-site-page-builder":"gutenberg","categories":{"2484":"real-estate"},"required-plugins":[{"slug":"ultimate-addons-for-gutenberg","init":"ultimate-addons-for-gutenberg\/ultimate-addons-for-gutenberg.php","name":"Spectra"},{"slug":"sureforms","init":"sureforms\/sureforms.php","name":"SureForms"}],"post-status":"publish","post-content":"","post-excerpt":"","pages":{"id-75043":{"title":"Home","featured-image-url":"https:\/\/websitedemos.net\/wp-content\/uploads\/2023\/07\/construction-equipments-07.jpg","thumbnail-image-url":"https:\/\/websitedemos.net\/wp-content\/uploads\/2023\/07\/construction-equipments-07-600x2432.jpg","astra-page-api-url":"https:\/\/websitedemos.net\/construction-equipment-07\/wp-json\/wp\/v2\/pages\/474","dynamic-page":"no","astra-page-url":"\/\/websitedemos.net\/construction-equipment-07\/","astra-sites-tag":{"423":"home"},"site-pages-type":"premium","site-pages-page-builder":"gutenberg","site-pages-category":[],"site-pages-parent-category":{"60":"business"},"required-plugins":[{"slug":"ultimate-addons-for-gutenberg","init":"ultimate-addons-for-gutenberg\/ultimate-addons-for-gutenberg.php","name":"Spectra"}]},"id-75041":{"title":"About Us","featured-image-url":"https:\/\/websitedemos.net\/wp-content\/uploads\/2023\/07\/construction-equipments-07-about-us.jpg","thumbnail-image-url":"https:\/\/websitedemos.net\/wp-content\/uploads\/2023\/07\/construction-equipments-07-about-us-600x2049.jpg","astra-page-api-url":"https:\/\/websitedemos.net\/construction-equipment-07\/wp-json\/wp\/v2\/pages\/477","dynamic-page":"no","astra-page-url":"\/\/websitedemos.net\/construction-equipment-07\/about-us\/","astra-sites-tag":{"352":"about"},"site-pages-type":"premium","site-pages-page-builder":"gutenberg","site-pages-category":[],"site-pages-parent-category":{"60":"business"},"required-plugins":[{"slug":"ultimate-addons-for-gutenberg","init":"ultimate-addons-for-gutenberg\/ultimate-addons-for-gutenberg.php","name":"Spectra"}]},"id-75045":{"title":"Services","featured-image-url":"https:\/\/websitedemos.net\/wp-content\/uploads\/2023\/07\/construction-equipments-07-services.jpg","thumbnail-image-url":"https:\/\/websitedemos.net\/wp-content\/uploads\/2023\/07\/construction-equipments-07-services-600x1569.jpg","astra-page-api-url":"https:\/\/websitedemos.net\/construction-equipment-07\/wp-json\/wp\/v2\/pages\/475","dynamic-page":"no","astra-page-url":"\/\/websitedemos.net\/construction-equipment-07\/services\/","astra-sites-tag":{"425":"services"},"site-pages-type":"premium","site-pages-page-builder":"gutenberg","site-pages-category":[],"site-pages-parent-category":{"60":"business"},"required-plugins":[{"slug":"ultimate-addons-for-gutenberg","init":"ultimate-addons-for-gutenberg\/ultimate-addons-for-gutenberg.php","name":"Spectra"}]},"id-75044":{"title":"Industries","featured-image-url":"https:\/\/websitedemos.net\/wp-content\/uploads\/2023\/07\/construction-equipments-07-industries.jpg","thumbnail-image-url":"https:\/\/websitedemos.net\/wp-content\/uploads\/2023\/07\/construction-equipments-07-industries-600x1151.jpg","astra-page-api-url":"https:\/\/websitedemos.net\/construction-equipment-07\/wp-json\/wp\/v2\/pages\/476","dynamic-page":"no","astra-page-url":"\/\/websitedemos.net\/construction-equipment-07\/industries\/","astra-sites-tag":{"493":"industries"},"site-pages-type":"premium","site-pages-page-builder":"gutenberg","site-pages-category":[],"site-pages-parent-category":{"60":"business"},"required-plugins":[{"slug":"ultimate-addons-for-gutenberg","init":"ultimate-addons-for-gutenberg\/ultimate-addons-for-gutenberg.php","name":"Spectra"}]},"id-75042":{"title":"Contact","featured-image-url":"https:\/\/websitedemos.net\/wp-content\/uploads\/2023\/07\/construction-equipments-07-contact.jpg","thumbnail-image-url":"https:\/\/websitedemos.net\/wp-content\/uploads\/2023\/07\/construction-equipments-07-contact-600x1329.jpg","astra-page-api-url":"https:\/\/websitedemos.net\/construction-equipment-07\/wp-json\/wp\/v2\/pages\/478","dynamic-page":"no","astra-page-url":"\/\/websitedemos.net\/construction-equipment-07\/contact\/","astra-sites-tag":{"415":"contact"},"site-pages-type":"premium","site-pages-page-builder":"gutenberg","site-pages-category":[],"site-pages-parent-category":{"60":"business"},"required-plugins":[{"slug":"ultimate-addons-for-gutenberg","init":"ultimate-addons-for-gutenberg\/ultimate-addons-for-gutenberg.php","name":"Spectra"},{"slug":"sureforms","init":"sureforms\/sureforms.php","name":"SureForms"}]}},"related-bb-template":"","related-elementor-template":"","related-gutenberg-template":"","related_ecommerce_template":"","ecommerce_parent_template":""},"id-74960":{"title":"Non-Profit Organization","id":74960,"publish-date":1689344274,"featured-image-url":"https:\/\/websitedemos.net\/wp-content\/uploads\/2023\/07\/charity-org-07.jpg","thumbnail-image-url":"https:\/\/websitedemos.net\/wp-content\/uploads\/2023\/07\/charity-org-07-600x2396.jpg","fullpage-thumbnail-image-url":"https:\/\/websitedemos.net\/wp-content\/uploads\/2023\/07\/charity-org-07-400x1597.jpg","astra-site-url":"\/\/websitedemos.net\/non-profit-organization-07","astra-site-parent-id":3334,"astra-sites-tag":{"625":"charity","2126":"charity-organization","893":"church","2125":"community","2128":"community-center","1013":"donation","2124":"environmental-ngo","624":"foundation","977":"non-profit","745":"organization"},"astra-sites-type":"premium","astra-site-category":{"27":"business","36":"other"},"astra-sites-template-category":{"2786":"charity-nonprofit","2864":"community","2872":"donation-fundraiser","2871":"ngo"},"astra-site-page-builder":"gutenberg","categories":{"2487":"agency","2492":"non-profit"},"required-plugins":[{"slug":"ultimate-addons-for-gutenberg","init":"ultimate-addons-for-gutenberg\/ultimate-addons-for-gutenberg.php","name":"Spectra"},{"slug":"sureforms","init":"sureforms\/sureforms.php","name":"SureForms"}],"post-status":"publish","post-content":"","post-excerpt":"","pages":{"id-74963":{"title":"Home","featured-image-url":"https:\/\/websitedemos.net\/wp-content\/uploads\/2023\/07\/charity-org-07.jpg","thumbnail-image-url":"https:\/\/websitedemos.net\/wp-content\/uploads\/2023\/07\/charity-org-07-600x2396.jpg","astra-page-api-url":"https:\/\/websitedemos.net\/non-profit-organization-07\/wp-json\/wp\/v2\/pages\/486","dynamic-page":"no","astra-page-url":"\/\/websitedemos.net\/non-profit-organization-07\/","astra-sites-tag":{"423":"home"},"site-pages-type":"premium","site-pages-page-builder":"gutenberg","site-pages-category":[],"site-pages-parent-category":{"60":"business","139":"other"},"required-plugins":[{"slug":"ultimate-addons-for-gutenberg","init":"ultimate-addons-for-gutenberg\/ultimate-addons-for-gutenberg.php","name":"Spectra"}]},"id-74961":{"title":"About Us","featured-image-url":"https:\/\/websitedemos.net\/wp-content\/uploads\/2023\/07\/charity-org-07-about.jpg","thumbnail-image-url":"https:\/\/websitedemos.net\/wp-content\/uploads\/2023\/07\/charity-org-07-about-600x1824.jpg","astra-page-api-url":"https:\/\/websitedemos.net\/non-profit-organization-07\/wp-json\/wp\/v2\/pages\/489","dynamic-page":"no","astra-page-url":"\/\/websitedemos.net\/non-profit-organization-07\/about-us\/","astra-sites-tag":{"352":"about"},"site-pages-type":"premium","site-pages-page-builder":"gutenberg","site-pages-category":[],"site-pages-parent-category":{"60":"business","139":"other"},"required-plugins":[{"slug":"ultimate-addons-for-gutenberg","init":"ultimate-addons-for-gutenberg\/ultimate-addons-for-gutenberg.php","name":"Spectra"}]},"id-74964":{"title":"Our Work","featured-image-url":"https:\/\/websitedemos.net\/wp-content\/uploads\/2023\/07\/charity-org-07-ourwork.jpg","thumbnail-image-url":"https:\/\/websitedemos.net\/wp-content\/uploads\/2023\/07\/charity-org-07-ourwork-600x1301.jpg","astra-page-api-url":"https:\/\/websitedemos.net\/non-profit-organization-07\/wp-json\/wp\/v2\/pages\/491","dynamic-page":"no","astra-page-url":"\/\/websitedemos.net\/non-profit-organization-07\/our-work\/","astra-sites-tag":{"451":"work"},"site-pages-type":"premium","site-pages-page-builder":"gutenberg","site-pages-category":[],"site-pages-parent-category":{"60":"business","139":"other"},"required-plugins":[{"slug":"ultimate-addons-for-gutenberg","init":"ultimate-addons-for-gutenberg\/ultimate-addons-for-gutenberg.php","name":"Spectra"}]},"id-74965":{"title":"Stories","featured-image-url":"https:\/\/websitedemos.net\/wp-content\/uploads\/2023\/07\/charity-org-07-stories.jpg","thumbnail-image-url":"https:\/\/websitedemos.net\/wp-content\/uploads\/2023\/07\/charity-org-07-stories-600x1798.jpg","astra-page-api-url":"https:\/\/websitedemos.net\/non-profit-organization-07\/wp-json\/wp\/v2\/pages\/493","dynamic-page":"no","astra-page-url":"\/\/websitedemos.net\/non-profit-organization-07\/stories\/","astra-sites-tag":{"3345":"stories"},"site-pages-type":"premium","site-pages-page-builder":"gutenberg","site-pages-category":[],"site-pages-parent-category":{"60":"business","139":"other"},"required-plugins":[{"slug":"ultimate-addons-for-gutenberg","init":"ultimate-addons-for-gutenberg\/ultimate-addons-for-gutenberg.php","name":"Spectra"}]},"id-74962":{"title":"Contact","featured-image-url":"https:\/\/websitedemos.net\/wp-content\/uploads\/2023\/07\/charity-org-07-contact.jpg","thumbnail-image-url":"https:\/\/websitedemos.net\/wp-content\/uploads\/2023\/07\/charity-org-07-contact-600x1406.jpg","astra-page-api-url":"https:\/\/websitedemos.net\/non-profit-organization-07\/wp-json\/wp\/v2\/pages\/495","dynamic-page":"no","astra-page-url":"\/\/websitedemos.net\/non-profit-organization-07\/contact\/","astra-sites-tag":{"415":"contact"},"site-pages-type":"premium","site-pages-page-builder":"gutenberg","site-pages-category":[],"site-pages-parent-category":{"60":"business","139":"other"},"required-plugins":[{"slug":"ultimate-addons-for-gutenberg","init":"ultimate-addons-for-gutenberg\/ultimate-addons-for-gutenberg.php","name":"Spectra"},{"slug":"sureforms","init":"sureforms\/sureforms.php","name":"SureForms"}]}},"related-bb-template":"","related-elementor-template":"","related-gutenberg-template":"","related_ecommerce_template":"","ecommerce_parent_template":""},"id-74955":{"title":"Music Event","id":74955,"publish-date":1689341073,"featured-image-url":"https:\/\/websitedemos.net\/wp-content\/uploads\/2023\/07\/music-events-07.jpg","thumbnail-image-url":"https:\/\/websitedemos.net\/wp-content\/uploads\/2023\/07\/music-events-07-600x4095.jpg","fullpage-thumbnail-image-url":"https:\/\/websitedemos.net\/wp-content\/uploads\/2023\/07\/music-events-07-400x2730.jpg","astra-site-url":"\/\/websitedemos.net\/music-event-07","astra-site-parent-id":3328,"astra-sites-tag":{"3331":"bands","755":"concert","406":"dj","660":"entertainment","3330":"livemusic","407":"music","3329":"musicevent","3332":"musicfestival","3333":"nightlife","2635":"party"},"astra-sites-type":"premium","astra-site-category":{"27":"business"},"astra-sites-template-category":{"2869":"dj","2784":"event","2781":"music","2771":"one-page"},"astra-site-page-builder":"gutenberg","categories":{"2486":"art-music"},"required-plugins":[{"slug":"ultimate-addons-for-gutenberg","init":"ultimate-addons-for-gutenberg\/ultimate-addons-for-gutenberg.php","name":"Spectra"}],"post-status":"publish","post-content":"","post-excerpt":"","pages":{"id-74956":{"title":"Home","featured-image-url":"https:\/\/websitedemos.net\/wp-content\/uploads\/2023\/07\/music-events-07.jpg","thumbnail-image-url":"https:\/\/websitedemos.net\/wp-content\/uploads\/2023\/07\/music-events-07-600x4095.jpg","astra-page-api-url":"https:\/\/websitedemos.net\/music-event-07\/wp-json\/wp\/v2\/pages\/460","dynamic-page":"no","astra-page-url":"\/\/websitedemos.net\/music-event-07\/","astra-sites-tag":{"423":"home"},"site-pages-type":"premium","site-pages-page-builder":"gutenberg","site-pages-category":[],"site-pages-parent-category":{"60":"business"},"required-plugins":[{"slug":"ultimate-addons-for-gutenberg","init":"ultimate-addons-for-gutenberg\/ultimate-addons-for-gutenberg.php","name":"Spectra"}]}},"related-bb-template":"","related-elementor-template":"","related-gutenberg-template":"","related_ecommerce_template":"","ecommerce_parent_template":""}}