{"id-59455":{"title":"Construction Company","id":59455,"publish-date":1674834221,"featured-image-url":"https:\/\/websitedemos.net\/wp-content\/uploads\/2023\/01\/construction-company-02.jpg","thumbnail-image-url":"https:\/\/websitedemos.net\/wp-content\/uploads\/2023\/01\/construction-company-02-600x3410.jpg","fullpage-thumbnail-image-url":"https:\/\/websitedemos.net\/wp-content\/uploads\/2023\/01\/construction-company-02-400x2273.jpg","astra-site-url":"\/\/websitedemos.net\/construction-company-02","astra-site-parent-id":2620,"astra-sites-tag":{"435":"architecture","3078":"builder","692":"business","484":"construction","795":"contractor","3416":"elementor","485":"real-estate"},"astra-sites-type":"free","astra-site-category":{"27":"business","39":"free"},"astra-sites-template-category":{"2795":"architecture","2836":"construction","2778":"real-estate"},"astra-site-page-builder":"elementor","categories":{"3427":"default","3428":"free","2484":"real-estate"},"required-plugins":[{"slug":"elementor","init":"elementor\/elementor.php","name":"Elementor"},{"slug":"wpforms-lite","init":"wpforms-lite\/wpforms.php","name":"WPForms Lite"}],"post-status":"publish","post-content":"<!-- wp:paragraph -->\n<p>The Construction Company template is a bright and engaging design with bold colors, plenty of images and lots of whitespace to add balance. The homepage includes lots of content and service areas, somewhere to show off building projects and lots more besides.<\/p>\n<!-- \/wp:paragraph -->\n\n<!-- wp:paragraph -->\n<p>The Construction Company template comes with readymade pages for projects, services, about the company and a contact and quote page. Elements also include FAQs, testimonials, social media, a contact form and very attractive headers and footers. Everything a business needs for their online presence!<\/p>\n<!-- \/wp:paragraph -->\n\n<!-- wp:heading -->\n<h2>Key features of the Construction Company template<\/h2>\n<!-- \/wp:heading -->\n\n<!-- wp:list -->\n<ul><!-- wp:list-item -->\n<li>Bright and engaging design ideal for construction companies<\/li>\n<!-- \/wp:list-item -->\n\n<!-- wp:list-item -->\n<li>Well-balanced design with equal areas of boldness and whitespace<\/li>\n<!-- \/wp:list-item -->\n\n<!-- wp:list-item -->\n<li>Includes typical page elements a construction company would need<\/li>\n<!-- \/wp:list-item -->\n\n<!-- wp:list-item -->\n<li>Template can be fully customized without touching code<\/li>\n<!-- \/wp:list-item -->\n\n<!-- wp:list-item -->\n<li>Full compatibility with leading page builders<\/li>\n<!-- \/wp:list-item --><\/ul>\n<!-- \/wp:list -->","post-excerpt":"Construction Company has everything a building firm needs to launch a website","pages":{"id-59458":{"title":"Home","featured-image-url":"https:\/\/websitedemos.net\/wp-content\/uploads\/2023\/01\/construction-company-02.jpg","thumbnail-image-url":"https:\/\/websitedemos.net\/wp-content\/uploads\/2023\/01\/construction-company-02-600x3410.jpg","astra-page-api-url":"https:\/\/websitedemos.net\/construction-company-02\/wp-json\/wp\/v2\/pages\/7","dynamic-page":"no","astra-page-url":"\/\/websitedemos.net\/construction-company-02\/","astra-sites-tag":{"423":"home"},"site-pages-type":"free","site-pages-page-builder":"elementor","site-pages-category":[],"site-pages-parent-category":{"60":"business","61":"free"},"required-plugins":[{"slug":"elementor","init":"elementor\/elementor.php","name":"Elementor"},{"slug":"wpforms-lite","init":"wpforms-lite\/wpforms.php","name":"WPForms Lite"}]},"id-59456":{"title":"About","featured-image-url":"https:\/\/websitedemos.net\/wp-content\/uploads\/2023\/01\/construction-company-02-about.jpg","thumbnail-image-url":"https:\/\/websitedemos.net\/wp-content\/uploads\/2023\/01\/construction-company-02-about-600x1612.jpg","astra-page-api-url":"https:\/\/websitedemos.net\/construction-company-02\/wp-json\/wp\/v2\/pages\/13","dynamic-page":"no","astra-page-url":"\/\/websitedemos.net\/construction-company-02\/about\/","astra-sites-tag":{"352":"about"},"site-pages-type":"free","site-pages-page-builder":"elementor","site-pages-category":[],"site-pages-parent-category":{"60":"business","61":"free"},"required-plugins":[{"slug":"elementor","init":"elementor\/elementor.php","name":"Elementor"}]},"id-59460":{"title":"Services","featured-image-url":"https:\/\/websitedemos.net\/wp-content\/uploads\/2023\/01\/construction-company-02-services.jpg","thumbnail-image-url":"https:\/\/websitedemos.net\/wp-content\/uploads\/2023\/01\/construction-company-02-services-600x1113.jpg","astra-page-api-url":"https:\/\/websitedemos.net\/construction-company-02\/wp-json\/wp\/v2\/pages\/11","dynamic-page":"no","astra-page-url":"\/\/websitedemos.net\/construction-company-02\/services\/","astra-sites-tag":{"425":"services"},"site-pages-type":"free","site-pages-page-builder":"elementor","site-pages-category":[],"site-pages-parent-category":{"60":"business","61":"free"},"required-plugins":[{"slug":"elementor","init":"elementor\/elementor.php","name":"Elementor"}]},"id-59459":{"title":"Projects","featured-image-url":"https:\/\/websitedemos.net\/wp-content\/uploads\/2023\/01\/construction-company-02-projects.jpg","thumbnail-image-url":"https:\/\/websitedemos.net\/wp-content\/uploads\/2023\/01\/construction-company-02-projects-600x1167.jpg","astra-page-api-url":"https:\/\/websitedemos.net\/construction-company-02\/wp-json\/wp\/v2\/pages\/9","dynamic-page":"no","astra-page-url":"\/\/websitedemos.net\/construction-company-02\/projects\/","astra-sites-tag":{"1613":"projects"},"site-pages-type":"free","site-pages-page-builder":"elementor","site-pages-category":[],"site-pages-parent-category":{"60":"business","61":"free"},"required-plugins":[{"slug":"elementor","init":"elementor\/elementor.php","name":"Elementor"}]},"id-59457":{"title":"Contact Us","featured-image-url":"https:\/\/websitedemos.net\/wp-content\/uploads\/2023\/01\/construction-company-02-contact-us.jpg","thumbnail-image-url":"https:\/\/websitedemos.net\/wp-content\/uploads\/2023\/01\/construction-company-02-contact-us-600x1386.jpg","astra-page-api-url":"https:\/\/websitedemos.net\/construction-company-02\/wp-json\/wp\/v2\/pages\/15","dynamic-page":"no","astra-page-url":"\/\/websitedemos.net\/construction-company-02\/contact-us\/","astra-sites-tag":{"415":"contact"},"site-pages-type":"free","site-pages-page-builder":"elementor","site-pages-category":[],"site-pages-parent-category":{"60":"business","61":"free"},"required-plugins":[{"slug":"elementor","init":"elementor\/elementor.php","name":"Elementor"}]}},"related-bb-template":"","related-elementor-template":59455,"related-gutenberg-template":68254,"related_ecommerce_template":"","ecommerce_parent_template":""},"id-59077":{"title":"Recycled Shoe Store","id":59077,"publish-date":1643646115,"featured-image-url":"https:\/\/websitedemos.net\/wp-content\/uploads\/2022\/01\/recycled-shoe-store-home-1.jpg","thumbnail-image-url":"https:\/\/websitedemos.net\/wp-content\/uploads\/2022\/01\/recycled-shoe-store-home-1.jpg","fullpage-thumbnail-image-url":"https:\/\/websitedemos.net\/wp-content\/uploads\/2022\/01\/recycled-shoe-store-home-1.jpg","astra-site-url":"\/\/websitedemos.net\/recycled-shoe-store-04","astra-site-parent-id":2574,"astra-sites-tag":{"2418":"commerce","1017":"e-commerce","496":"ecommerce","1817":"ecommerce-store","3416":"elementor","2419":"eshopping","2422":"online-market","2420":"online-shopping","383":"online-store","1844":"premium","2421":"purchases","2417":"reseller","384":"running-shoes","382":"shoe-store","385":"shoes","733":"shop","2416":"shopping","2427":"sports-shoes","749":"store","1024":"woocommerce"},"astra-sites-type":"agency-mini","astra-site-category":{"38":"ecommerce"},"astra-sites-template-category":{"2769":"ecommerce","2857":"online-shopping","2878":"shoes"},"astra-site-page-builder":"elementor","categories":{"3427":"default","2495":"ecommerce","3429":"premium"},"required-plugins":[{"slug":"elementor","init":"elementor\/elementor.php","name":"Elementor"},{"slug":"header-footer-elementor","init":"header-footer-elementor\/header-footer-elementor.php","name":"Elementor Header & Footer Builder"},{"slug":"wpforms-lite","init":"wpforms-lite\/wpforms.php","name":"WPForms Lite"},{"slug":"woocommerce","init":"woocommerce\/woocommerce.php","name":"WooCommerce"},{"slug":"astra-addon","init":"astra-addon\/astra-addon.php","name":"Astra Pro"},{"slug":"variation-swatches-woo","init":"variation-swatches-woo\/variation-swatches-woo.php","name":"Variation Swatches for WooCommerce"},{"slug":"checkout-plugins-stripe-woo","init":"checkout-plugins-stripe-woo\/checkout-plugins-stripe-woo.php","name":"Checkout Plugins - Stripe for WooCommerce"}],"post-status":"publish","post-content":"<!-- wp:paragraph -->\n<p>The Recycled Shoe Store template is a contemporary eCommerce design with full screen image on the homepage and lots of whitespace throughout. It\u2019s an attractive design that could be fully customized for any type of store.<\/p>\n<!-- \/wp:paragraph -->\n\n<!-- wp:paragraph -->\n<p>The use of whitespace means images and graphics really stand out. Pages include featured product areas, calls to action and all those elements an online store needs, including an attractive checkout page.<\/p>\n<!-- \/wp:paragraph -->\n\n<!-- wp:heading -->\n<h2>Key features of the Recycled Shoe Store template<\/h2>\n<!-- \/wp:heading -->\n\n<!-- wp:list -->\n<ul><!-- wp:list-item -->\n<li>Contemporary store design with lots of white space<\/li>\n<!-- \/wp:list-item -->\n\n<!-- wp:list-item -->\n<li>Plenty of customizable product feature blocks<\/li>\n<!-- \/wp:list-item -->\n\n<!-- wp:list-item -->\n<li>Simple header with cart and search elements<\/li>\n<!-- \/wp:list-item -->\n\n<!-- wp:list-item -->\n<li>Effective product pages with filters and search<\/li>\n<!-- \/wp:list-item -->\n\n<!-- wp:list-item -->\n<li>Extra content pages that can be customized as required<\/li>\n<!-- \/wp:list-item -->\n\n<!-- wp:list-item -->\n<li>Fully compatible with drag and drop page builders<\/li>\n<!-- \/wp:list-item --><\/ul>\n<!-- \/wp:list -->","post-excerpt":"Appealing eCommerce design ideal for a wide range of stores covering every niche","pages":{"id-59079":{"title":"Home","featured-image-url":"https:\/\/websitedemos.net\/wp-content\/uploads\/2022\/01\/recycled-shoe-store-home-1.jpg","thumbnail-image-url":"https:\/\/websitedemos.net\/wp-content\/uploads\/2022\/01\/recycled-shoe-store-home-1.jpg","astra-page-api-url":"https:\/\/websitedemos.net\/recycled-shoe-store-04\/wp-json\/wp\/v2\/pages\/30","dynamic-page":"yes","astra-page-url":"\/\/websitedemos.net\/recycled-shoe-store-04\/","astra-sites-tag":{"423":"home"},"site-pages-type":"agency-mini","site-pages-page-builder":"elementor","site-pages-category":[],"site-pages-parent-category":{"64":"ecommerce"},"required-plugins":[{"slug":"astra-addon","init":"astra-addon\/astra-addon.php","name":"Astra Pro"},{"slug":"elementor","init":"elementor\/elementor.php","name":"Elementor"},{"slug":"header-footer-elementor","init":"header-footer-elementor\/header-footer-elementor.php","name":"Elementor Header & Footer Builder"},{"slug":"variation-swatches-woo","init":"variation-swatches-woo\/variation-swatches-woo.php","name":"Variation Swatches for WooCommerce"},{"slug":"woocommerce","init":"woocommerce\/woocommerce.php","name":"WooCommerce"}]},"id-59082":{"title":"Story","featured-image-url":"https:\/\/websitedemos.net\/wp-content\/uploads\/2022\/01\/recycled-shoe-store-story.jpg","thumbnail-image-url":"https:\/\/websitedemos.net\/wp-content\/uploads\/2022\/01\/recycled-shoe-store-story.jpg","astra-page-api-url":"https:\/\/websitedemos.net\/recycled-shoe-store-04\/wp-json\/wp\/v2\/pages\/524","dynamic-page":"no","astra-page-url":"\/\/websitedemos.net\/recycled-shoe-store-04\/story\/","astra-sites-tag":{"352":"about","767":"story"},"site-pages-type":"agency-mini","site-pages-page-builder":"elementor","site-pages-category":[],"site-pages-parent-category":{"64":"ecommerce"},"required-plugins":[{"slug":"astra-addon","init":"astra-addon\/astra-addon.php","name":"Astra Pro"},{"slug":"elementor","init":"elementor\/elementor.php","name":"Elementor"},{"slug":"header-footer-elementor","init":"header-footer-elementor\/header-footer-elementor.php","name":"Elementor Header & Footer Builder"}]},"id-59080":{"title":"Lookbook","featured-image-url":"https:\/\/websitedemos.net\/wp-content\/uploads\/2022\/01\/recycled-shoe-store-lookbook.jpg","thumbnail-image-url":"https:\/\/websitedemos.net\/wp-content\/uploads\/2022\/01\/recycled-shoe-store-lookbook.jpg","astra-page-api-url":"https:\/\/websitedemos.net\/recycled-shoe-store-04\/wp-json\/wp\/v2\/pages\/649","dynamic-page":"no","astra-page-url":"\/\/websitedemos.net\/recycled-shoe-store-04\/lookbook\/","astra-sites-tag":{"752":"lookbook"},"site-pages-type":"agency-mini","site-pages-page-builder":"elementor","site-pages-category":[],"site-pages-parent-category":{"64":"ecommerce"},"required-plugins":[{"slug":"astra-addon","init":"astra-addon\/astra-addon.php","name":"Astra Pro"},{"slug":"elementor","init":"elementor\/elementor.php","name":"Elementor"},{"slug":"header-footer-elementor","init":"header-footer-elementor\/header-footer-elementor.php","name":"Elementor Header & Footer Builder"}]},"id-59081":{"title":"Sale","featured-image-url":"https:\/\/websitedemos.net\/wp-content\/uploads\/2022\/01\/recycled-shoe-store-sale.jpg","thumbnail-image-url":"https:\/\/websitedemos.net\/wp-content\/uploads\/2022\/01\/recycled-shoe-store-sale.jpg","astra-page-api-url":"https:\/\/websitedemos.net\/recycled-shoe-store-04\/wp-json\/wp\/v2\/pages\/731","dynamic-page":"yes","astra-page-url":"\/\/websitedemos.net\/recycled-shoe-store-04\/sale\/","astra-sites-tag":{"2575":"discount","2063":"sales"},"site-pages-type":"agency-mini","site-pages-page-builder":"elementor","site-pages-category":[],"site-pages-parent-category":{"64":"ecommerce"},"required-plugins":[{"slug":"astra-addon","init":"astra-addon\/astra-addon.php","name":"Astra Pro"},{"slug":"elementor","init":"elementor\/elementor.php","name":"Elementor"},{"slug":"header-footer-elementor","init":"header-footer-elementor\/header-footer-elementor.php","name":"Elementor Header & Footer Builder"},{"slug":"variation-swatches-woo","init":"variation-swatches-woo\/variation-swatches-woo.php","name":"Variation Swatches for WooCommerce"},{"slug":"woocommerce","init":"woocommerce\/woocommerce.php","name":"WooCommerce"}]},"id-59078":{"title":"Contact","featured-image-url":"https:\/\/websitedemos.net\/wp-content\/uploads\/2022\/01\/recycled-shoe-store-contact.jpg","thumbnail-image-url":"https:\/\/websitedemos.net\/wp-content\/uploads\/2022\/01\/recycled-shoe-store-contact.jpg","astra-page-api-url":"https:\/\/websitedemos.net\/recycled-shoe-store-04\/wp-json\/wp\/v2\/pages\/859","dynamic-page":"no","astra-page-url":"\/\/websitedemos.net\/recycled-shoe-store-04\/contact\/","astra-sites-tag":{"415":"contact"},"site-pages-type":"agency-mini","site-pages-page-builder":"elementor","site-pages-category":[],"site-pages-parent-category":{"64":"ecommerce"},"required-plugins":[{"slug":"astra-addon","init":"astra-addon\/astra-addon.php","name":"Astra Pro"},{"slug":"elementor","init":"elementor\/elementor.php","name":"Elementor"},{"slug":"header-footer-elementor","init":"header-footer-elementor\/header-footer-elementor.php","name":"Elementor Header & Footer Builder"},{"slug":"wpforms-lite","init":"wpforms-lite\/wpforms.php","name":"WPForms Lite"}]}},"related-bb-template":"","related-elementor-template":59077,"related-gutenberg-template":74173,"related_ecommerce_template":"","ecommerce_parent_template":""},"id-72600":{"title":"Tanz Tech","id":72600,"publish-date":1679481663,"featured-image-url":"https:\/\/websitedemos.net\/wp-content\/uploads\/2023\/03\/saas-04.jpg","thumbnail-image-url":"https:\/\/websitedemos.net\/wp-content\/uploads\/2023\/03\/saas-04-600x3437.jpg","fullpage-thumbnail-image-url":"https:\/\/websitedemos.net\/wp-content\/uploads\/2023\/03\/saas-04-400x2291.jpg","astra-site-url":"\/\/websitedemos.net\/saas-04","astra-site-parent-id":3128,"astra-sites-tag":{"2712":"analytics","3131":"automation","692":"business","3132":"business-operations","3416":"elementor","1844":"premium","2708":"saas","3130":"tech","3129":"technology"},"astra-sites-type":"agency-mini","astra-site-category":{"27":"business"},"astra-sites-template-category":{"2777":"business","2831":"service","2817":"technology"},"astra-site-page-builder":"elementor","categories":{"2487":"agency","3427":"default","3429":"premium","2499":"technology"},"required-plugins":[{"slug":"elementor","init":"elementor\/elementor.php","name":"Elementor"},{"slug":"ultimate-elementor","init":"ultimate-elementor\/ultimate-elementor.php","name":"Ultimate Addons for Elementor"},{"slug":"wpforms-lite","init":"wpforms-lite\/wpforms.php","name":"WPForms Lite"},{"slug":"header-footer-elementor","init":"header-footer-elementor\/header-footer-elementor.php","name":"Elementor Header & Footer Builder"},{"slug":"svg-support","init":"svg-support\/svg-support.php","name":"SVG Support"}],"post-status":"publish","post-content":"<!-- wp:paragraph -->\n<p>The Tanz Tech template is a youthful flat design ideal for agencies and tech businesses. It uses light colors, sans serif fonts, and graphics to draw you in and tell your story. It\u2019s an excellent design that could work for any type of business.<\/p>\n<!-- \/wp:paragraph -->\n\n<!-- wp:paragraph -->\n<p>The design is easy going and helps build confidence in the visitor, ideal for converting them into customers. There are flexible content areas, alternating dark and light sections, and lots of opportunities to engage, inform and convert. Everything a business needs to succeed online!<\/p>\n<!-- \/wp:paragraph -->\n\n<!-- wp:heading -->\n<h2>Key features of the Tanz Tech template<\/h2>\n<!-- \/wp:heading -->\n\n<!-- wp:list -->\n<ul><!-- wp:list-item -->\n<li>Youthful design ideal for many types of business<\/li>\n<!-- \/wp:list-item -->\n\n<!-- wp:list-item -->\n<li>Light, welcoming colors and typography<\/li>\n<!-- \/wp:list-item -->\n\n<!-- wp:list-item -->\n<li>Attractive page features that can be customized with ease<\/li>\n<!-- \/wp:list-item -->\n\n<!-- wp:list-item -->\n<li>Essential supplementary pages already built<\/li>\n<!-- \/wp:list-item -->\n\n<!-- wp:list-item -->\n<li>Full compatibility with leading page builders<\/li>\n<!-- \/wp:list-item --><\/ul>\n<!-- \/wp:list -->","post-excerpt":"The Tanz Tech template is welcoming, well-designed and ideal for any type of business","pages":{"id-72604":{"title":"Home","featured-image-url":"https:\/\/websitedemos.net\/wp-content\/uploads\/2023\/03\/saas-04.jpg","thumbnail-image-url":"https:\/\/websitedemos.net\/wp-content\/uploads\/2023\/03\/saas-04-600x3437.jpg","astra-page-api-url":"https:\/\/websitedemos.net\/saas-04\/wp-json\/wp\/v2\/pages\/7","dynamic-page":"no","astra-page-url":"\/\/websitedemos.net\/saas-04\/","astra-sites-tag":{"423":"home"},"site-pages-type":"agency-mini","site-pages-page-builder":"elementor","site-pages-category":[],"site-pages-parent-category":{"60":"business"},"required-plugins":[{"slug":"elementor","init":"elementor\/elementor.php","name":"Elementor"},{"slug":"header-footer-elementor","init":"header-footer-elementor\/header-footer-elementor.php","name":"Elementor Header & Footer Builder"},{"slug":"svg-support","init":"svg-support\/svg-support.php","name":"SVG Support"},{"slug":"ultimate-elementor","init":"ultimate-elementor\/ultimate-elementor.php","name":"Ultimate Addons for Elementor"}]},"id-72601":{"title":"About","featured-image-url":"https:\/\/websitedemos.net\/wp-content\/uploads\/2023\/03\/saas-04-about.jpg","thumbnail-image-url":"https:\/\/websitedemos.net\/wp-content\/uploads\/2023\/03\/saas-04-about-600x2338.jpg","astra-page-api-url":"https:\/\/websitedemos.net\/saas-04\/wp-json\/wp\/v2\/pages\/14","dynamic-page":"no","astra-page-url":"\/\/websitedemos.net\/saas-04\/about\/","astra-sites-tag":{"352":"about"},"site-pages-type":"agency-mini","site-pages-page-builder":"elementor","site-pages-category":[],"site-pages-parent-category":{"60":"business"},"required-plugins":[{"slug":"elementor","init":"elementor\/elementor.php","name":"Elementor"},{"slug":"header-footer-elementor","init":"header-footer-elementor\/header-footer-elementor.php","name":"Elementor Header & Footer Builder"},{"slug":"ultimate-elementor","init":"ultimate-elementor\/ultimate-elementor.php","name":"Ultimate Addons for Elementor"}]},"id-72603":{"title":"Features","featured-image-url":"https:\/\/websitedemos.net\/wp-content\/uploads\/2023\/03\/saas-04-features.jpg","thumbnail-image-url":"https:\/\/websitedemos.net\/wp-content\/uploads\/2023\/03\/saas-04-features-600x2271.jpg","astra-page-api-url":"https:\/\/websitedemos.net\/saas-04\/wp-json\/wp\/v2\/pages\/10","dynamic-page":"no","astra-page-url":"\/\/websitedemos.net\/saas-04\/features\/","astra-sites-tag":{"453":"features"},"site-pages-type":"agency-mini","site-pages-page-builder":"elementor","site-pages-category":[],"site-pages-parent-category":{"60":"business"},"required-plugins":[{"slug":"elementor","init":"elementor\/elementor.php","name":"Elementor"},{"slug":"header-footer-elementor","init":"header-footer-elementor\/header-footer-elementor.php","name":"Elementor Header & Footer Builder"},{"slug":"ultimate-elementor","init":"ultimate-elementor\/ultimate-elementor.php","name":"Ultimate Addons for Elementor"}]},"id-72605":{"title":"Pricing","featured-image-url":"https:\/\/websitedemos.net\/wp-content\/uploads\/2023\/03\/saas-04-pricing.jpg","thumbnail-image-url":"https:\/\/websitedemos.net\/wp-content\/uploads\/2023\/03\/saas-04-pricing-600x1445.jpg","astra-page-api-url":"https:\/\/websitedemos.net\/saas-04\/wp-json\/wp\/v2\/pages\/12","dynamic-page":"no","astra-page-url":"\/\/websitedemos.net\/saas-04\/pricing\/","astra-sites-tag":{"585":"pricing"},"site-pages-type":"agency-mini","site-pages-page-builder":"elementor","site-pages-category":[],"site-pages-parent-category":{"60":"business"},"required-plugins":[{"slug":"elementor","init":"elementor\/elementor.php","name":"Elementor"},{"slug":"header-footer-elementor","init":"header-footer-elementor\/header-footer-elementor.php","name":"Elementor Header & Footer Builder"},{"slug":"ultimate-elementor","init":"ultimate-elementor\/ultimate-elementor.php","name":"Ultimate Addons for Elementor"}]},"id-72602":{"title":"Contact","featured-image-url":"https:\/\/websitedemos.net\/wp-content\/uploads\/2023\/03\/saas-04-contact.jpg","thumbnail-image-url":"https:\/\/websitedemos.net\/wp-content\/uploads\/2023\/03\/saas-04-contact-600x1061.jpg","astra-page-api-url":"https:\/\/websitedemos.net\/saas-04\/wp-json\/wp\/v2\/pages\/16","dynamic-page":"no","astra-page-url":"\/\/websitedemos.net\/saas-04\/contact\/","astra-sites-tag":{"415":"contact"},"site-pages-type":"agency-mini","site-pages-page-builder":"elementor","site-pages-category":[],"site-pages-parent-category":{"60":"business"},"required-plugins":[{"slug":"elementor","init":"elementor\/elementor.php","name":"Elementor"},{"slug":"header-footer-elementor","init":"header-footer-elementor\/header-footer-elementor.php","name":"Elementor Header & Footer Builder"},{"slug":"ultimate-elementor","init":"ultimate-elementor\/ultimate-elementor.php","name":"Ultimate Addons for Elementor"},{"slug":"wpforms-lite","init":"wpforms-lite\/wpforms.php","name":"WPForms Lite"}]}},"related-bb-template":"","related-elementor-template":72600,"related-gutenberg-template":86059,"related_ecommerce_template":"","ecommerce_parent_template":""},"id-18035":{"title":"Brandstore","id":18035,"publish-date":1514381509,"featured-image-url":"https:\/\/websitedemos.net\/wp-content\/uploads\/2019\/07\/brandstore-01-homepage.jpg","thumbnail-image-url":"https:\/\/websitedemos.net\/wp-content\/uploads\/2019\/07\/brandstore-01-homepage.jpg","fullpage-thumbnail-image-url":"https:\/\/websitedemos.net\/wp-content\/uploads\/2019\/07\/brandstore-01-homepage.jpg","astra-site-url":"\/\/websitedemos.net\/brandstore-01","astra-site-parent-id":149,"astra-sites-tag":{"639":"accessories","638":"brand-store","880":"cartflows","640":"cloth-store","637":"clothing","2418":"commerce","1017":"e-commerce","496":"ecommerce","2422":"online-market","732":"online-shop","2420":"online-shopping","383":"online-store","967":"product-store","2421":"purchases","2417":"reseller","733":"shop","2416":"shopping","749":"store","966":"woo-commerce","1024":"woocommerce"},"astra-sites-type":"free","astra-site-category":{"38":"ecommerce","39":"free"},"astra-sites-template-category":[],"astra-site-page-builder":"beaver-builder","categories":{"2495":"ecommerce"},"required-plugins":[{"slug":"beaver-builder-lite-version","init":"beaver-builder-lite-version\/fl-builder.php","name":"Beaver Builder Plugin (Lite Version)"},{"slug":"ultimate-addons-for-beaver-builder-lite","init":"ultimate-addons-for-beaver-builder-lite\/bb-ultimate-addon.php","name":"Ultimate Addons for Beaver Builder - Lite"},{"slug":"woocommerce","init":"woocommerce\/woocommerce.php","name":"WooCommerce"},{"slug":"wpforms-lite","init":"wpforms-lite\/wpforms.php","name":"WPForms Lite"},{"slug":"woo-cart-abandonment-recovery","init":"woo-cart-abandonment-recovery\/woo-cart-abandonment-recovery.php","name":"WooCommerce Cart Abandonment Recovery"},{"slug":"variation-swatches-woo","init":"variation-swatches-woo\/variation-swatches-woo.php","name":"Variation Swatches for WooCommerce"},{"slug":"checkout-plugins-stripe-woo","init":"checkout-plugins-stripe-woo\/checkout-plugins-stripe-woo.php","name":"Checkout Plugins - Stripe for WooCommerce"}],"post-status":"publish","post-content":"","post-excerpt":"","pages":{"id-23419":{"title":"Home","featured-image-url":"https:\/\/websitedemos.net\/wp-content\/uploads\/2019\/07\/brandstore-01-homepage.jpg","thumbnail-image-url":"https:\/\/websitedemos.net\/wp-content\/uploads\/2019\/07\/brandstore-01-homepage.jpg","astra-page-api-url":"https:\/\/websitedemos.net\/brandstore-01\/wp-json\/wp\/v2\/pages\/10","dynamic-page":"yes","astra-page-url":"\/\/websitedemos.net\/brandstore-01\/","astra-sites-tag":{"423":"home"},"site-pages-type":"free","site-pages-page-builder":"beaver-builder","site-pages-category":[],"site-pages-parent-category":{"64":"ecommerce","61":"free"},"required-plugins":[{"slug":"beaver-builder-lite-version","init":"beaver-builder-lite-version\/fl-builder.php","name":"Beaver Builder Plugin (Lite Version)"},{"slug":"ultimate-addons-for-beaver-builder-lite","init":"ultimate-addons-for-beaver-builder-lite\/bb-ultimate-addon.php","name":"Ultimate Addons for Beaver Builder - Lite"}]},"id-23417":{"title":"About","featured-image-url":"https:\/\/websitedemos.net\/wp-content\/uploads\/2019\/07\/brandstore-01-about.jpg","thumbnail-image-url":"https:\/\/websitedemos.net\/wp-content\/uploads\/2019\/07\/brandstore-01-about.jpg","astra-page-api-url":"https:\/\/websitedemos.net\/brandstore-01\/wp-json\/wp\/v2\/pages\/43","dynamic-page":"no","astra-page-url":"\/\/websitedemos.net\/brandstore-01\/about\/","astra-sites-tag":{"352":"about"},"site-pages-type":"free","site-pages-page-builder":"beaver-builder","site-pages-category":[],"site-pages-parent-category":{"64":"ecommerce","61":"free"},"required-plugins":[{"slug":"beaver-builder-lite-version","init":"beaver-builder-lite-version\/fl-builder.php","name":"Beaver Builder Plugin (Lite Version)"},{"slug":"ultimate-addons-for-beaver-builder-lite","init":"ultimate-addons-for-beaver-builder-lite\/bb-ultimate-addon.php","name":"Ultimate Addons for Beaver Builder - Lite"}]},"id-23418":{"title":"Contact Us","featured-image-url":"https:\/\/websitedemos.net\/wp-content\/uploads\/2019\/07\/brandstore-01-contact.jpg","thumbnail-image-url":"https:\/\/websitedemos.net\/wp-content\/uploads\/2019\/07\/id-23418-brandstore-contact-us-resize.jpg","astra-page-api-url":"https:\/\/websitedemos.net\/brandstore-01\/wp-json\/wp\/v2\/pages\/414","dynamic-page":"no","astra-page-url":"\/\/websitedemos.net\/brandstore-01\/contact-us\/","astra-sites-tag":{"415":"contact"},"site-pages-type":"free","site-pages-page-builder":"beaver-builder","site-pages-category":[],"site-pages-parent-category":{"64":"ecommerce","61":"free"},"required-plugins":[{"slug":"beaver-builder-lite-version","init":"beaver-builder-lite-version\/fl-builder.php","name":"Beaver Builder Plugin (Lite Version)"},{"slug":"ultimate-addons-for-beaver-builder-lite","init":"ultimate-addons-for-beaver-builder-lite\/bb-ultimate-addon.php","name":"Ultimate Addons for Beaver Builder - Lite"},{"slug":"wpforms-lite","init":"wpforms-lite\/wpforms.php","name":"WPForms Lite"}]}},"related-bb-template":"","related-elementor-template":"","related-gutenberg-template":"","related_ecommerce_template":"","ecommerce_parent_template":""},"id-73530":{"title":"Joan Thomas &#8211; Traveller","id":73530,"publish-date":1681831828,"featured-image-url":"https:\/\/websitedemos.net\/wp-content\/uploads\/2023\/04\/joanthomas-traveller-bio.jpg","thumbnail-image-url":"https:\/\/websitedemos.net\/wp-content\/uploads\/2023\/04\/joanthomas-traveller-bio-600x900.jpg","fullpage-thumbnail-image-url":"https:\/\/websitedemos.net\/wp-content\/uploads\/2023\/04\/joanthomas-traveller-bio-400x600.jpg","astra-site-url":"\/\/websitedemos.net\/joanthomas-traveller-index-bio-02","astra-site-parent-id":3183,"astra-sites-tag":{"1918":"beach","1023":"beauty","3064":"life","541":"mountains","3181":"sunset","427":"travel","3179":"travel-photography","3178":"traveller","3180":"travelling","3182":"traveltheworld"},"astra-sites-type":"free","astra-site-category":{"39":"free"},"astra-sites-template-category":{"3171":"link-in-bio","2770":"personal"},"astra-site-page-builder":"elementor","categories":{"3427":"default","3428":"free","3191":"link-in-bio","3433":"modern","2927":"one-page","2488":"portfolio"},"required-plugins":[{"slug":"elementor","init":"elementor\/elementor.php","name":"Elementor"}],"post-status":"publish","post-content":"<!-- wp:paragraph -->\n<p>This link in bio for travel influencers template offers you all the tools you need to re-route your followers to all your social networks. Promote your website and your products or include your affiliate links so that your audience can financially support your adventures<\/p>\n<!-- \/wp:paragraph -->\n\n<!-- wp:paragraph -->\n<p>This is the perfect Linktree alternative template as it has a very easygoing design you can set up in minutes, while at the same time, it can be expanded in features as your online presence grows.<\/p>\n<!-- \/wp:paragraph -->\n\n<!-- wp:heading -->\n<h2>Key features of the link in bio for travel influencers template<\/h2>\n<!-- \/wp:heading -->\n\n<!-- wp:list -->\n<ul><!-- wp:list-item -->\n<li>Minimal design with an attention-grabbing world map in the background.<\/li>\n<!-- \/wp:list-item -->\n\n<!-- wp:list-item -->\n<li>Fully customizable. Use the colors, fonts, and pictures you want.<\/li>\n<!-- \/wp:list-item -->\n\n<!-- wp:list-item -->\n<li>Mobile-ready. Linking sections adapt to the size of any screen.<\/li>\n<!-- \/wp:list-item -->\n\n<!-- wp:list-item -->\n<li>Full compatibility with leading page builders.<\/li>\n<!-- \/wp:list-item -->\n\n<!-- wp:list-item -->\n<li>Versatile. Expand its features as much as you need.<\/li>\n<!-- \/wp:list-item -->\n\n<!-- wp:list-item -->\n<li>Use it with your own domain.<\/li>\n<!-- \/wp:list-item --><\/ul>\n<!-- \/wp:list -->","post-excerpt":"The link in bio for travel influencers template gives you all the features you need as a content creator.","pages":{"id-73531":{"title":"Home","featured-image-url":"https:\/\/websitedemos.net\/wp-content\/uploads\/2023\/04\/joanthomas-traveller-index-bio-02.jpg","thumbnail-image-url":"https:\/\/websitedemos.net\/wp-content\/uploads\/2023\/04\/joanthomas-traveller-index-bio-02-600x347.jpg","astra-page-api-url":"https:\/\/websitedemos.net\/joanthomas-traveller-index-bio-02\/wp-json\/wp\/v2\/pages\/36","dynamic-page":"no","astra-page-url":"\/\/websitedemos.net\/joanthomas-traveller-index-bio-02\/","astra-sites-tag":{"423":"home"},"site-pages-type":"free","site-pages-page-builder":"elementor","site-pages-category":[],"site-pages-parent-category":{"61":"free"},"required-plugins":[{"slug":"elementor","init":"elementor\/elementor.php","name":"Elementor"}]}},"related-bb-template":"","related-elementor-template":"","related-gutenberg-template":"","related_ecommerce_template":"","ecommerce_parent_template":""},"id-20478":{"title":"Brandstore","id":20478,"publish-date":1545657559,"featured-image-url":"https:\/\/websitedemos.net\/wp-content\/uploads\/2019\/07\/brandstore-05-home.jpg","thumbnail-image-url":"https:\/\/websitedemos.net\/wp-content\/uploads\/2019\/07\/brandstore-05-home.jpg","fullpage-thumbnail-image-url":"https:\/\/websitedemos.net\/wp-content\/uploads\/2019\/07\/brandstore-05-home.jpg","astra-site-url":"\/\/websitedemos.net\/brandstore-05","astra-site-parent-id":165,"astra-sites-tag":{"639":"accessories","638":"brand-store","880":"cartflows","640":"cloth-store","637":"clothing","2418":"commerce","1017":"e-commerce","496":"ecommerce","2422":"online-market","732":"online-shop","2420":"online-shopping","383":"online-store","967":"product-store","2421":"purchases","2417":"reseller","733":"shop","2416":"shopping","749":"store","966":"woo-commerce","1024":"woocommerce"},"astra-sites-type":"free","astra-site-category":{"38":"ecommerce","39":"free"},"astra-sites-template-category":[],"astra-site-page-builder":"brizy","categories":{"2495":"ecommerce"},"required-plugins":[{"slug":"brizy","init":"brizy\/brizy.php","name":"Brizy"},{"slug":"woocommerce","init":"woocommerce\/woocommerce.php","name":"WooCommerce"},{"slug":"woo-cart-abandonment-recovery","init":"woo-cart-abandonment-recovery\/woo-cart-abandonment-recovery.php","name":"WooCommerce Cart Abandonment Recovery"},{"slug":"wpforms-lite","init":"wpforms-lite\/wpforms.php","name":"WPForms Lite"}],"post-status":"publish","post-content":"","post-excerpt":"","pages":{"id-23567":{"title":"Homepage","featured-image-url":"https:\/\/websitedemos.net\/wp-content\/uploads\/2019\/07\/brandstore-05-home.jpg","thumbnail-image-url":"https:\/\/websitedemos.net\/wp-content\/uploads\/2019\/07\/brandstore-05-home.jpg","astra-page-api-url":"https:\/\/websitedemos.net\/brandstore-05\/wp-json\/wp\/v2\/pages\/448","dynamic-page":"yes","astra-page-url":"\/\/websitedemos.net\/brandstore-05\/","astra-sites-tag":{"423":"home"},"site-pages-type":"free","site-pages-page-builder":"brizy","site-pages-category":[],"site-pages-parent-category":{"64":"ecommerce","61":"free"},"required-plugins":[{"slug":"brizy","init":"brizy\/brizy.php","name":"Brizy"}]},"id-23565":{"title":"About","featured-image-url":"https:\/\/websitedemos.net\/wp-content\/uploads\/2019\/07\/brandstore-05-about.jpg","thumbnail-image-url":"https:\/\/websitedemos.net\/wp-content\/uploads\/2019\/07\/brandstore-05-about.jpg","astra-page-api-url":"https:\/\/websitedemos.net\/brandstore-05\/wp-json\/wp\/v2\/pages\/465","dynamic-page":"no","astra-page-url":"\/\/websitedemos.net\/brandstore-05\/about\/","astra-sites-tag":{"352":"about"},"site-pages-type":"free","site-pages-page-builder":"brizy","site-pages-category":[],"site-pages-parent-category":{"64":"ecommerce","61":"free"},"required-plugins":[{"slug":"brizy","init":"brizy\/brizy.php","name":"Brizy"}]},"id-23566":{"title":"Contact Us","featured-image-url":"https:\/\/websitedemos.net\/wp-content\/uploads\/2019\/07\/brandstore-05-contact-us.jpg","thumbnail-image-url":"https:\/\/websitedemos.net\/wp-content\/uploads\/2019\/07\/brandstore-05-contact-us.jpg","astra-page-api-url":"https:\/\/websitedemos.net\/brandstore-05\/wp-json\/wp\/v2\/pages\/468","dynamic-page":"no","astra-page-url":"\/\/websitedemos.net\/brandstore-05\/contact-us\/","astra-sites-tag":{"415":"contact"},"site-pages-type":"free","site-pages-page-builder":"brizy","site-pages-category":[],"site-pages-parent-category":{"64":"ecommerce","61":"free"},"required-plugins":[{"slug":"brizy","init":"brizy\/brizy.php","name":"Brizy"},{"slug":"wpforms-lite","init":"wpforms-lite\/wpforms.php","name":"WPForms Lite"}]}},"related-bb-template":"","related-elementor-template":"","related-gutenberg-template":"","related_ecommerce_template":"","ecommerce_parent_template":""},"id-70901":{"title":"Digital Product Store","id":70901,"publish-date":1670588688,"featured-image-url":"https:\/\/websitedemos.net\/wp-content\/uploads\/2022\/12\/design-resource-02.jpg","thumbnail-image-url":"https:\/\/websitedemos.net\/wp-content\/uploads\/2022\/12\/design-resource-02-600x2475.jpg","fullpage-thumbnail-image-url":"https:\/\/websitedemos.net\/wp-content\/uploads\/2022\/12\/design-resource-02-400x1650.jpg","astra-site-url":"\/\/websitedemos.net\/design-resource-02","astra-site-parent-id":3007,"astra-sites-tag":{"3011":"creative","3008":"design","670":"designer","3018":"digitalproduct","3019":"digitalstore","3009":"download","3016":"easydigitaldownload","3017":"eddplugin","3015":"freedownload","669":"freelancer","1651":"marketer","3010":"mockup","3012":"socialmedia","3013":"template","3014":"uiux"},"astra-sites-type":"free","astra-site-category":{"27":"business","39":"free"},"astra-sites-template-category":{"2777":"business","2791":"creative","2812":"digital-agency","2769":"ecommerce","2817":"technology"},"astra-site-page-builder":"elementor","categories":{"3427":"default","3428":"free","2499":"technology"},"required-plugins":[{"slug":"easy-digital-downloads","init":"easy-digital-downloads\/easy-digital-downloads.php","name":"Easy Digital Downloads"},{"slug":"elementor","init":"elementor\/elementor.php","name":"Elementor"},{"slug":"wpforms-lite","init":"wpforms-lite\/wpforms.php","name":"WPForms Lite"}],"post-status":"publish","post-content":"<!-- wp:paragraph -->\n<p>The Digital Product Store website template is a contemporary eCommerce design designed to convert using calm colors, simple design and effective typography. It\u2019s a relaxed design with frameless sections and a centralized product area to showcase your wares.<\/p>\n<!-- \/wp:paragraph -->\n\n<!-- wp:paragraph -->\n<p>The Digital Product Store template includes highlighted product areas, icon-driven navigation, testimonials, subscription option and attractive supplementary pages. The entire design can be fully customized to suit any products or type of store.<\/p>\n<!-- \/wp:paragraph -->\n\n<!-- wp:heading -->\n<h2>Key features of the Digital Product Store template<\/h2>\n<!-- \/wp:heading -->\n\n<!-- wp:list -->\n<ul><!-- wp:list-item -->\n<li>Contemporary Digital Product website design<\/li>\n<!-- \/wp:list-item -->\n\n<!-- wp:list-item -->\n<li>Calm design with engaging elements designed to convert<\/li>\n<!-- \/wp:list-item -->\n\n<!-- wp:list-item -->\n<li>Lots of product showcase options<\/li>\n<!-- \/wp:list-item -->\n\n<!-- wp:list-item -->\n<li>Can be fully customized for any type of online store<\/li>\n<!-- \/wp:list-item -->\n\n<!-- wp:list-item -->\n<li>Full compatibility with leading page builders<\/li>\n<!-- \/wp:list-item --><\/ul>\n<!-- \/wp:list -->","post-excerpt":"Contemporary digital product store template that engages right away","pages":{"id-70904":{"title":"Home","featured-image-url":"https:\/\/websitedemos.net\/wp-content\/uploads\/2022\/12\/design-resource-02.jpg","thumbnail-image-url":"https:\/\/websitedemos.net\/wp-content\/uploads\/2022\/12\/design-resource-02-600x2475.jpg","astra-page-api-url":"https:\/\/websitedemos.net\/design-resource-02\/wp-json\/wp\/v2\/pages\/23","dynamic-page":"yes","astra-page-url":"\/\/websitedemos.net\/design-resource-02\/","astra-sites-tag":{"423":"home"},"site-pages-type":"free","site-pages-page-builder":"elementor","site-pages-category":[],"site-pages-parent-category":{"60":"business","61":"free"},"required-plugins":[{"slug":"easy-digital-downloads","init":"easy-digital-downloads\/easy-digital-downloads.php","name":"Easy Digital Downloads"},{"slug":"elementor","init":"elementor\/elementor.php","name":"Elementor"},{"slug":"wpforms-lite","init":"wpforms-lite\/wpforms.php","name":"WPForms Lite"}]},"id-70902":{"title":"About","featured-image-url":"https:\/\/websitedemos.net\/wp-content\/uploads\/2022\/12\/design-resource-02-about.jpg","thumbnail-image-url":"https:\/\/websitedemos.net\/wp-content\/uploads\/2022\/12\/design-resource-02-about-600x1179.jpg","astra-page-api-url":"https:\/\/websitedemos.net\/design-resource-02\/wp-json\/wp\/v2\/pages\/645","dynamic-page":"no","astra-page-url":"\/\/websitedemos.net\/design-resource-02\/about\/","astra-sites-tag":{"352":"about"},"site-pages-type":"free","site-pages-page-builder":"elementor","site-pages-category":[],"site-pages-parent-category":{"60":"business","61":"free"},"required-plugins":[{"slug":"elementor","init":"elementor\/elementor.php","name":"Elementor"},{"slug":"wpforms-lite","init":"wpforms-lite\/wpforms.php","name":"WPForms Lite"}]},"id-70905":{"title":"Premium","featured-image-url":"https:\/\/websitedemos.net\/wp-content\/uploads\/2022\/12\/design-resource-02-premium.jpg","thumbnail-image-url":"https:\/\/websitedemos.net\/wp-content\/uploads\/2022\/12\/design-resource-02-premium-600x1355.jpg","astra-page-api-url":"https:\/\/websitedemos.net\/design-resource-02\/wp-json\/wp\/v2\/pages\/901","dynamic-page":"yes","astra-page-url":"\/\/websitedemos.net\/design-resource-02\/premium\/","astra-sites-tag":{"1844":"premium"},"site-pages-type":"free","site-pages-page-builder":"elementor","site-pages-category":[],"site-pages-parent-category":{"60":"business","61":"free"},"required-plugins":[{"slug":"easy-digital-downloads","init":"easy-digital-downloads\/easy-digital-downloads.php","name":"Easy Digital Downloads"},{"slug":"elementor","init":"elementor\/elementor.php","name":"Elementor"},{"slug":"wpforms-lite","init":"wpforms-lite\/wpforms.php","name":"WPForms Lite"}]},"id-70903":{"title":"Contact","featured-image-url":"https:\/\/websitedemos.net\/wp-content\/uploads\/2022\/12\/design-resource-02-contact.jpg","thumbnail-image-url":"https:\/\/websitedemos.net\/wp-content\/uploads\/2022\/12\/design-resource-02-contact-600x1022.jpg","astra-page-api-url":"https:\/\/websitedemos.net\/design-resource-02\/wp-json\/wp\/v2\/pages\/808","dynamic-page":"no","astra-page-url":"\/\/websitedemos.net\/design-resource-02\/contact\/","astra-sites-tag":{"415":"contact"},"site-pages-type":"free","site-pages-page-builder":"elementor","site-pages-category":[],"site-pages-parent-category":{"60":"business","61":"free"},"required-plugins":[{"slug":"elementor","init":"elementor\/elementor.php","name":"Elementor"},{"slug":"wpforms-lite","init":"wpforms-lite\/wpforms.php","name":"WPForms Lite"}]}},"related-bb-template":"","related-elementor-template":70901,"related-gutenberg-template":"","related_ecommerce_template":"","ecommerce_parent_template":""},"id-87989":{"title":"Clothing Store","id":87989,"publish-date":1711482699,"featured-image-url":"https:\/\/websitedemos.net\/wp-content\/uploads\/2024\/03\/clothing-store-02.jpg","thumbnail-image-url":"https:\/\/websitedemos.net\/wp-content\/uploads\/2024\/03\/clothing-store-02-600x3249.jpg","fullpage-thumbnail-image-url":"https:\/\/websitedemos.net\/wp-content\/uploads\/2024\/03\/clothing-store-02-400x2166.jpg","astra-site-url":"\/\/websitedemos.net\/clothing-store-02","astra-site-parent-id":3592,"astra-sites-tag":{"639":"accessories","640":"cloth-store","2697":"clothes","637":"clothing","1017":"e-commerce","496":"ecommerce","2698":"fashion-clothes","2388":"online-cloths-store","2422":"online-market","732":"online-shop","2420":"online-shopping","383":"online-store","967":"product-store","733":"shop","2416":"shopping","749":"store","2906":"tshirt"},"astra-sites-type":"free","astra-site-category":{"38":"ecommerce"},"astra-sites-template-category":{"2777":"business","2769":"ecommerce","2858":"fashion-clothing","2857":"online-shopping"},"astra-site-page-builder":"elementor","categories":{"3435":"business","2495":"ecommerce"},"required-plugins":[{"slug":"elementor","init":"elementor\/elementor.php","name":"Elementor"},{"slug":"variation-swatches-woo","init":"variation-swatches-woo\/variation-swatches-woo.php","name":"Variation Swatches for WooCommerce"},{"slug":"woocommerce","init":"woocommerce\/woocommerce.php","name":"WooCommerce"},{"slug":"wpforms-lite","init":"wpforms-lite\/wpforms.php","name":"WPForms Lite"},{"slug":"checkout-plugins-stripe-woo","init":"checkout-plugins-stripe-woo\/checkout-plugins-stripe-woo.php","name":"Checkout Plugins - Stripe for WooCommerce"}],"post-status":"publish","post-content":"<!-- wp:paragraph -->\n<p>The Clothing Store template is an achingly stylish eCommerce template designed for modern retail. It opens with a full screen hero image with subtle navigation and cart feature at the top and opens into a smart store page with parallax effect.<\/p>\n<!-- \/wp:paragraph -->\n\n<!-- wp:paragraph -->\n<p>The fully customizable template can be made to fit any brand or store type using built-in tools. You can change anything you like in seconds. The template is fully compatible with popular page builders so anyone, with any level of experience can craft something unique!<\/p>\n<!-- \/wp:paragraph -->\n\n<!-- wp:heading -->\n<h2 class=\"wp-block-heading\"><strong>Key features of the Clothing Store template<\/strong><\/h2>\n<!-- \/wp:heading -->\n\n<!-- wp:list -->\n<ul><!-- wp:list-item -->\n<li>Stylish modern store design<\/li>\n<!-- \/wp:list-item -->\n\n<!-- wp:list-item -->\n<li>Engaging parallax effect on the homepage<\/li>\n<!-- \/wp:list-item -->\n\n<!-- wp:list-item -->\n<li>Attractive product and checkout pages<\/li>\n<!-- \/wp:list-item -->\n\n<!-- wp:list-item -->\n<li>SEO friendly and fully responsive<\/li>\n<!-- \/wp:list-item -->\n\n<!-- wp:list-item -->\n<li>Full compatibility with leading page builders<\/li>\n<!-- \/wp:list-item --><\/ul>\n<!-- \/wp:list -->","post-excerpt":"The Clothing Store template is a stylish take on eCommerce that\u2019s a joy to use","pages":{"id-87992":{"title":"Home","featured-image-url":"https:\/\/websitedemos.net\/wp-content\/uploads\/2024\/03\/clothing-store-02.jpg","thumbnail-image-url":"https:\/\/websitedemos.net\/wp-content\/uploads\/2024\/03\/clothing-store-02-600x3249.jpg","astra-page-api-url":"https:\/\/websitedemos.net\/clothing-store-02\/wp-json\/wp\/v2\/pages\/12","dynamic-page":"yes","astra-page-url":"\/\/websitedemos.net\/clothing-store-02\/","astra-sites-tag":{"423":"home"},"site-pages-type":"free","site-pages-page-builder":"elementor","site-pages-category":[],"site-pages-parent-category":{"64":"ecommerce"},"required-plugins":[{"slug":"elementor","init":"elementor\/elementor.php","name":"Elementor"},{"slug":"variation-swatches-woo","init":"variation-swatches-woo\/variation-swatches-woo.php","name":"Variation Swatches for WooCommerce"},{"slug":"woocommerce","init":"woocommerce\/woocommerce.php","name":"WooCommerce"}]},"id-87990":{"title":"About Us","featured-image-url":"https:\/\/websitedemos.net\/wp-content\/uploads\/2024\/03\/clothing-store-02-about.jpg","thumbnail-image-url":"https:\/\/websitedemos.net\/wp-content\/uploads\/2024\/03\/clothing-store-02-about-600x1746.jpg","astra-page-api-url":"https:\/\/websitedemos.net\/clothing-store-02\/wp-json\/wp\/v2\/pages\/15","dynamic-page":"no","astra-page-url":"\/\/websitedemos.net\/clothing-store-02\/about-us\/","astra-sites-tag":{"352":"about"},"site-pages-type":"free","site-pages-page-builder":"elementor","site-pages-category":[],"site-pages-parent-category":{"64":"ecommerce"},"required-plugins":[{"slug":"elementor","init":"elementor\/elementor.php","name":"Elementor"}]},"id-87991":{"title":"Contact Us","featured-image-url":"https:\/\/websitedemos.net\/wp-content\/uploads\/2024\/03\/clothing-store-02-contact.jpg","thumbnail-image-url":"https:\/\/websitedemos.net\/wp-content\/uploads\/2024\/03\/clothing-store-02-contact-600x1550.jpg","astra-page-api-url":"https:\/\/websitedemos.net\/clothing-store-02\/wp-json\/wp\/v2\/pages\/17","dynamic-page":"no","astra-page-url":"\/\/websitedemos.net\/clothing-store-02\/contact-us\/","astra-sites-tag":{"415":"contact"},"site-pages-type":"free","site-pages-page-builder":"elementor","site-pages-category":[],"site-pages-parent-category":{"64":"ecommerce"},"required-plugins":[{"slug":"elementor","init":"elementor\/elementor.php","name":"Elementor"},{"slug":"wpforms-lite","init":"wpforms-lite\/wpforms.php","name":"WPForms Lite"}]}},"related-bb-template":"","related-elementor-template":87989,"related-gutenberg-template":"","related_ecommerce_template":"","ecommerce_parent_template":""},"id-73525":{"title":"Emily Smith &#8211; Traveller","id":73525,"publish-date":1681831161,"featured-image-url":"https:\/\/websitedemos.net\/wp-content\/uploads\/2023\/04\/emilysmith-traveller-bio.jpg","thumbnail-image-url":"https:\/\/websitedemos.net\/wp-content\/uploads\/2023\/04\/emilysmith-traveller-bio-600x900.jpg","fullpage-thumbnail-image-url":"https:\/\/websitedemos.net\/wp-content\/uploads\/2023\/04\/emilysmith-traveller-bio-400x600.jpg","astra-site-url":"\/\/websitedemos.net\/emilysmith-traveller-index-bio-02","astra-site-parent-id":3177,"astra-sites-tag":{"1918":"beach","1023":"beauty","3064":"life","541":"mountains","3181":"sunset","427":"travel","3179":"travel-photography","3178":"traveller","3180":"travelling","3182":"traveltheworld"},"astra-sites-type":"free","astra-site-category":{"39":"free"},"astra-sites-template-category":{"3171":"link-in-bio","2770":"personal","2768":"portfolio"},"astra-site-page-builder":"elementor","categories":{"3427":"default","3428":"free","3191":"link-in-bio","3433":"modern","2927":"one-page","2488":"portfolio"},"required-plugins":[{"slug":"elementor","init":"elementor\/elementor.php","name":"Elementor"}],"post-status":"publish","post-content":"<!-- wp:paragraph -->\n<p>Our link in bio template has all the tools you need to simplify your online presence as a travel influencer. Share your travel adventures, connect your social media profiles, and drive your fans \u200cwherever you need to.<\/p>\n<!-- \/wp:paragraph -->\n\n<!-- wp:paragraph -->\n<p>A great alternative to Linktree that you can easily set up. With way more design options and advanced features that you can implement as your influence as a traveler grows.<\/p>\n<!-- \/wp:paragraph -->\n\n<!-- wp:heading -->\n<h2>Key features of the link in bio for travel influencers template<\/h2>\n<!-- \/wp:heading -->\n\n<!-- wp:list -->\n<ul><!-- wp:list-item -->\n<li>Clean and vibrant design with a cheerful background.<\/li>\n<!-- \/wp:list-item -->\n\n<!-- wp:list-item -->\n<li>Match your brand by changing the colors, images, or fonts used.<\/li>\n<!-- \/wp:list-item -->\n\n<!-- wp:list-item -->\n<li>Responsive. Everything will look great on small screens.<\/li>\n<!-- \/wp:list-item -->\n\n<!-- wp:list-item -->\n<li>Compatible with Elementor and other page builders.<\/li>\n<!-- \/wp:list-item -->\n\n<!-- wp:list-item -->\n<li>Grow in features as your business expands.<\/li>\n<!-- \/wp:list-item -->\n\n<!-- wp:list-item -->\n<li>Can be used with your own domain name.<\/li>\n<!-- \/wp:list-item --><\/ul>\n<!-- \/wp:list -->","post-excerpt":"The travel influencers template gives you all the features you need to create a great link in bio site.","pages":{"id-73526":{"title":"Home","featured-image-url":"https:\/\/websitedemos.net\/wp-content\/uploads\/2023\/04\/emilysmith-traveller-index-bio-02.jpg","thumbnail-image-url":"https:\/\/websitedemos.net\/wp-content\/uploads\/2023\/04\/emilysmith-traveller-index-bio-02-600x347.jpg","astra-page-api-url":"https:\/\/websitedemos.net\/emilysmith-traveller-index-bio-02\/wp-json\/wp\/v2\/pages\/132","dynamic-page":"no","astra-page-url":"\/\/websitedemos.net\/emilysmith-traveller-index-bio-02\/","astra-sites-tag":{"423":"home"},"site-pages-type":"free","site-pages-page-builder":"elementor","site-pages-category":[],"site-pages-parent-category":{"61":"free"},"required-plugins":[{"slug":"elementor","init":"elementor\/elementor.php","name":"Elementor"}]}},"related-bb-template":"","related-elementor-template":"","related-gutenberg-template":"","related_ecommerce_template":"","ecommerce_parent_template":""},"id-69418":{"title":"Be Bold","id":69418,"publish-date":1663781995,"featured-image-url":"https:\/\/websitedemos.net\/wp-content\/uploads\/2022\/09\/be-bold-beauty-store-04.jpg","thumbnail-image-url":"https:\/\/websitedemos.net\/wp-content\/uploads\/2022\/09\/be-bold-beauty-store-04-600x2255.jpg","fullpage-thumbnail-image-url":"https:\/\/websitedemos.net\/wp-content\/uploads\/2022\/09\/be-bold-beauty-store-04-400x1503.jpg","astra-site-url":"\/\/websitedemos.net\/be-bold-beauty-store-04","astra-site-parent-id":2910,"astra-sites-tag":{"1023":"beauty","1465":"beauty-products","2384":"beauty-products-store","1466":"cosmetic-products","1464":"cosmetic-store","1463":"cosmetics","496":"ecommerce","1817":"ecommerce-store","3416":"elementor","383":"online-store","1844":"premium","749":"store","1024":"woocommerce"},"astra-sites-type":"agency-mini","astra-site-category":{"38":"ecommerce"},"astra-sites-template-category":{"2790":"beauty-fashion","2769":"ecommerce","2890":"makeup-cosmetic","2857":"online-shopping"},"astra-site-page-builder":"elementor","categories":{"2479":"beauty","3427":"default","2495":"ecommerce","3434":"feminine","3429":"premium"},"required-plugins":[{"slug":"cartflows","init":"cartflows\/cartflows.php","name":"CartFlows"},{"slug":"elementor","init":"elementor\/elementor.php","name":"Elementor"},{"slug":"woocommerce","init":"woocommerce\/woocommerce.php","name":"WooCommerce"},{"slug":"wpforms-lite","init":"wpforms-lite\/wpforms.php","name":"WPForms Lite"},{"slug":"checkout-plugins-stripe-woo","init":"checkout-plugins-stripe-woo\/checkout-plugins-stripe-woo.php","name":"Checkout Plugins - Stripe for WooCommerce"}],"post-status":"publish","post-content":"<!-- wp:paragraph -->\n<p>The Be Bold template reflects the quality of many successful stores, well-chosen colors and fonts, confidence-inspiring feel and a genuine elegance that inspires you to purchase.<\/p>\n<!-- \/wp:paragraph -->\n\n<!-- wp:paragraph -->\n<p>This is a full width template that uses every inch of screen to help create that image of a lifestyle. Amazing images, attractive product showcases and parallax effects help create the same feeling you get from well-known brand stores. All designed to help you convert.<\/p>\n<!-- \/wp:paragraph -->\n\n<!-- wp:heading {\"UAGDay\":[]} -->\n<h2 class=\"wp-block-heading\">Key features of the Be Bold template<\/h2>\n<!-- \/wp:heading -->\n\n<!-- wp:list -->\n<ul><!-- wp:list-item -->\n<li>Professional-quality eCommerce template<\/li>\n<!-- \/wp:list-item -->\n\n<!-- wp:list-item -->\n<li>Superb use of colors and fonts<\/li>\n<!-- \/wp:list-item -->\n\n<!-- wp:list-item -->\n<li>Designed to sell using images<\/li>\n<!-- \/wp:list-item -->\n\n<!-- wp:list-item -->\n<li>Awesome layout and design<\/li>\n<!-- \/wp:list-item -->\n\n<!-- wp:list-item -->\n<li>Full compatibility with leading page builders<\/li>\n<!-- \/wp:list-item --><\/ul>\n<!-- \/wp:list -->","post-excerpt":"Upscale eCommerce template that inspires confidence and encourages you to buy","pages":{"id-69421":{"title":"Home","featured-image-url":"https:\/\/websitedemos.net\/wp-content\/uploads\/2022\/09\/be-bold-beauty-store-04.jpg","thumbnail-image-url":"https:\/\/websitedemos.net\/wp-content\/uploads\/2022\/09\/be-bold-beauty-store-04-600x2255.jpg","astra-page-api-url":"https:\/\/websitedemos.net\/be-bold-beauty-store-04\/wp-json\/wp\/v2\/pages\/32","dynamic-page":"yes","astra-page-url":"\/\/websitedemos.net\/be-bold-beauty-store-04\/","astra-sites-tag":{"423":"home"},"site-pages-type":"agency-mini","site-pages-page-builder":"elementor","site-pages-category":[],"site-pages-parent-category":{"64":"ecommerce"},"required-plugins":[{"slug":"cartflows","init":"cartflows\/cartflows.php","name":"CartFlows"},{"slug":"elementor","init":"elementor\/elementor.php","name":"Elementor"},{"slug":"woocommerce","init":"woocommerce\/woocommerce.php","name":"WooCommerce"}]},"id-69419":{"title":"About","featured-image-url":"https:\/\/websitedemos.net\/wp-content\/uploads\/2022\/09\/be-bold-beauty-store-04-about.jpg","thumbnail-image-url":"https:\/\/websitedemos.net\/wp-content\/uploads\/2022\/09\/be-bold-beauty-store-04-about-600x1530.jpg","astra-page-api-url":"https:\/\/websitedemos.net\/be-bold-beauty-store-04\/wp-json\/wp\/v2\/pages\/35","dynamic-page":"no","astra-page-url":"\/\/websitedemos.net\/be-bold-beauty-store-04\/about\/","astra-sites-tag":{"352":"about"},"site-pages-type":"agency-mini","site-pages-page-builder":"elementor","site-pages-category":[],"site-pages-parent-category":{"64":"ecommerce"},"required-plugins":[{"slug":"elementor","init":"elementor\/elementor.php","name":"Elementor"}]},"id-69420":{"title":"Contact","featured-image-url":"https:\/\/websitedemos.net\/wp-content\/uploads\/2022\/09\/be-bold-beauty-store-04-contact.jpg","thumbnail-image-url":"https:\/\/websitedemos.net\/wp-content\/uploads\/2022\/09\/be-bold-beauty-store-04-contact-600x992.jpg","astra-page-api-url":"https:\/\/websitedemos.net\/be-bold-beauty-store-04\/wp-json\/wp\/v2\/pages\/37","dynamic-page":"no","astra-page-url":"\/\/websitedemos.net\/be-bold-beauty-store-04\/contact\/","astra-sites-tag":{"415":"contact"},"site-pages-type":"agency-mini","site-pages-page-builder":"elementor","site-pages-category":[],"site-pages-parent-category":{"64":"ecommerce"},"required-plugins":[{"slug":"elementor","init":"elementor\/elementor.php","name":"Elementor"},{"slug":"wpforms-lite","init":"wpforms-lite\/wpforms.php","name":"WPForms Lite"}]}},"related-bb-template":"","related-elementor-template":69418,"related-gutenberg-template":73697,"related_ecommerce_template":"","ecommerce_parent_template":""},"id-73493":{"title":"Video Editor","id":73493,"publish-date":1681736609,"featured-image-url":"https:\/\/websitedemos.net\/wp-content\/uploads\/2023\/04\/video-editor-04.jpg","thumbnail-image-url":"https:\/\/websitedemos.net\/wp-content\/uploads\/2023\/04\/video-editor-04-600x2238.jpg","fullpage-thumbnail-image-url":"https:\/\/websitedemos.net\/wp-content\/uploads\/2023\/04\/video-editor-04-400x1492.jpg","astra-site-url":"\/\/websitedemos.net\/video-editor-04","astra-site-parent-id":3162,"astra-sites-tag":{"3170":"cinematography","3165":"editing","3168":"filmmaking","489":"production","3066":"video","3163":"videoediting","3166":"videoeditor","3164":"videoedits","3169":"videographer","514":"videography","3167":"videoproduction"},"astra-sites-type":"agency-mini","astra-site-category":{"27":"business"},"astra-sites-template-category":{"2777":"business","2768":"portfolio","2801":"video"},"astra-site-page-builder":"elementor","categories":{"3430":"dark","3427":"default","2488":"portfolio","3429":"premium","2926":"video"},"required-plugins":[{"slug":"elementor","init":"elementor\/elementor.php","name":"Elementor"},{"slug":"header-footer-elementor","init":"header-footer-elementor\/header-footer-elementor.php","name":"Elementor Header & Footer Builder"},{"slug":"ultimate-elementor","init":"ultimate-elementor\/ultimate-elementor.php","name":"Ultimate Addons for Elementor"},{"slug":"wpforms-lite","init":"wpforms-lite\/wpforms.php","name":"WPForms Lite"}],"post-status":"publish","post-content":"<!-- wp:paragraph -->\n<p>The Video Editor template is a dark responsive portfolio design that can be customized to suit anyone. It\u2019s nicely balanced and contains the essential elements to showcase your skills and your work in creative ways.<\/p>\n<!-- \/wp:paragraph -->\n\n<!-- wp:paragraph -->\n<p>The template includes support for video, images and audio and includes video elements on the main page and a portfolio block to tease your latest creations. Pages include an attractive portfolio page, contact form, biography and everything you need to appeal to potential clients.<\/p>\n<!-- \/wp:paragraph -->\n\n<!-- wp:heading -->\n<h2>Key features of the Video Editor template<\/h2>\n<!-- \/wp:heading -->\n\n<!-- wp:list -->\n<ul><!-- wp:list-item -->\n<li>Modern dark portfolio template<\/li>\n<!-- \/wp:list-item -->\n\n<!-- wp:list-item -->\n<li>Supports video, audio and images<\/li>\n<!-- \/wp:list-item -->\n\n<!-- wp:list-item -->\n<li>Well-balanced main and supplementary pages<\/li>\n<!-- \/wp:list-item -->\n\n<!-- wp:list-item -->\n<li>Includes support for galleries, portfolios and biographies<\/li>\n<!-- \/wp:list-item -->\n\n<!-- wp:list-item -->\n<li>Full compatibility with leading page builders<\/li>\n<!-- \/wp:list-item --><\/ul>\n<!-- \/wp:list -->","post-excerpt":"The Video Editor template is everything a videographer needs to attract new clients.","pages":{"id-73496":{"title":"Home","featured-image-url":"https:\/\/websitedemos.net\/wp-content\/uploads\/2023\/04\/video-editor-04.jpg","thumbnail-image-url":"https:\/\/websitedemos.net\/wp-content\/uploads\/2023\/04\/video-editor-04-600x2238.jpg","astra-page-api-url":"https:\/\/websitedemos.net\/video-editor-04\/wp-json\/wp\/v2\/pages\/6","dynamic-page":"no","astra-page-url":"\/\/websitedemos.net\/video-editor-04\/","astra-sites-tag":{"423":"home"},"site-pages-type":"agency-mini","site-pages-page-builder":"elementor","site-pages-category":[],"site-pages-parent-category":{"60":"business"},"required-plugins":[{"slug":"elementor","init":"elementor\/elementor.php","name":"Elementor"},{"slug":"header-footer-elementor","init":"header-footer-elementor\/header-footer-elementor.php","name":"Elementor Header & Footer Builder"},{"slug":"ultimate-elementor","init":"ultimate-elementor\/ultimate-elementor.php","name":"Ultimate Addons for Elementor"},{"slug":"wpforms-lite","init":"wpforms-lite\/wpforms.php","name":"WPForms Lite"}]},"id-73494":{"title":"About Me","featured-image-url":"https:\/\/websitedemos.net\/wp-content\/uploads\/2023\/04\/video-editor-04-about.jpg","thumbnail-image-url":"https:\/\/websitedemos.net\/wp-content\/uploads\/2023\/04\/video-editor-04-about-600x1673.jpg","astra-page-api-url":"https:\/\/websitedemos.net\/video-editor-04\/wp-json\/wp\/v2\/pages\/9","dynamic-page":"no","astra-page-url":"\/\/websitedemos.net\/video-editor-04\/about-me\/","astra-sites-tag":{"352":"about"},"site-pages-type":"agency-mini","site-pages-page-builder":"elementor","site-pages-category":[],"site-pages-parent-category":{"60":"business"},"required-plugins":[{"slug":"elementor","init":"elementor\/elementor.php","name":"Elementor"},{"slug":"header-footer-elementor","init":"header-footer-elementor\/header-footer-elementor.php","name":"Elementor Header & Footer Builder"},{"slug":"ultimate-elementor","init":"ultimate-elementor\/ultimate-elementor.php","name":"Ultimate Addons for Elementor"},{"slug":"wpforms-lite","init":"wpforms-lite\/wpforms.php","name":"WPForms Lite"}]},"id-73497":{"title":"Services","featured-image-url":"https:\/\/websitedemos.net\/wp-content\/uploads\/2023\/04\/video-editor-04-services.jpg","thumbnail-image-url":"https:\/\/websitedemos.net\/wp-content\/uploads\/2023\/04\/video-editor-04-services-600x1530.jpg","astra-page-api-url":"https:\/\/websitedemos.net\/video-editor-04\/wp-json\/wp\/v2\/pages\/13","dynamic-page":"no","astra-page-url":"\/\/websitedemos.net\/video-editor-04\/services\/","astra-sites-tag":{"425":"services"},"site-pages-type":"agency-mini","site-pages-page-builder":"elementor","site-pages-category":[],"site-pages-parent-category":{"60":"business"},"required-plugins":[{"slug":"elementor","init":"elementor\/elementor.php","name":"Elementor"},{"slug":"header-footer-elementor","init":"header-footer-elementor\/header-footer-elementor.php","name":"Elementor Header & Footer Builder"},{"slug":"ultimate-elementor","init":"ultimate-elementor\/ultimate-elementor.php","name":"Ultimate Addons for Elementor"},{"slug":"wpforms-lite","init":"wpforms-lite\/wpforms.php","name":"WPForms Lite"}]},"id-73498":{"title":"Work","featured-image-url":"https:\/\/websitedemos.net\/wp-content\/uploads\/2023\/04\/video-editor-04-work.jpg","thumbnail-image-url":"https:\/\/websitedemos.net\/wp-content\/uploads\/2023\/04\/video-editor-04-work-600x1715.jpg","astra-page-api-url":"https:\/\/websitedemos.net\/video-editor-04\/wp-json\/wp\/v2\/pages\/11","dynamic-page":"no","astra-page-url":"\/\/websitedemos.net\/video-editor-04\/work\/","astra-sites-tag":{"451":"work"},"site-pages-type":"agency-mini","site-pages-page-builder":"elementor","site-pages-category":[],"site-pages-parent-category":{"60":"business"},"required-plugins":[{"slug":"elementor","init":"elementor\/elementor.php","name":"Elementor"},{"slug":"header-footer-elementor","init":"header-footer-elementor\/header-footer-elementor.php","name":"Elementor Header & Footer Builder"},{"slug":"ultimate-elementor","init":"ultimate-elementor\/ultimate-elementor.php","name":"Ultimate Addons for Elementor"},{"slug":"wpforms-lite","init":"wpforms-lite\/wpforms.php","name":"WPForms Lite"}]},"id-73495":{"title":"Contact","featured-image-url":"https:\/\/websitedemos.net\/wp-content\/uploads\/2023\/04\/video-editor-04-contact.jpg","thumbnail-image-url":"https:\/\/websitedemos.net\/wp-content\/uploads\/2023\/04\/video-editor-04-contact-600x486.jpg","astra-page-api-url":"https:\/\/websitedemos.net\/video-editor-04\/wp-json\/wp\/v2\/pages\/15","dynamic-page":"no","astra-page-url":"\/\/websitedemos.net\/video-editor-04\/contact\/","astra-sites-tag":{"415":"contact"},"site-pages-type":"agency-mini","site-pages-page-builder":"elementor","site-pages-category":[],"site-pages-parent-category":{"60":"business"},"required-plugins":[{"slug":"elementor","init":"elementor\/elementor.php","name":"Elementor"},{"slug":"header-footer-elementor","init":"header-footer-elementor\/header-footer-elementor.php","name":"Elementor Header & Footer Builder"},{"slug":"wpforms-lite","init":"wpforms-lite\/wpforms.php","name":"WPForms Lite"}]}},"related-bb-template":"","related-elementor-template":73493,"related-gutenberg-template":"","related_ecommerce_template":"","ecommerce_parent_template":""},"id-60297":{"title":"Day Care Services","id":60297,"publish-date":1676367698,"featured-image-url":"https:\/\/websitedemos.net\/wp-content\/uploads\/2022\/04\/daycare.jpg","thumbnail-image-url":"https:\/\/websitedemos.net\/wp-content\/uploads\/2022\/04\/daycare-600x4393.jpg","fullpage-thumbnail-image-url":"https:\/\/websitedemos.net\/wp-content\/uploads\/2022\/04\/daycare-400x2928.jpg","astra-site-url":"\/\/websitedemos.net\/daycare-02","astra-site-parent-id":2679,"astra-sites-tag":{"2156":"daycare","459":"education","3416":"elementor","1490":"kids","617":"kindergarten","460":"learning","456":"school","425":"services"},"astra-sites-type":"free","astra-site-category":{"27":"business","39":"free"},"astra-sites-template-category":{"2772":"education","2782":"school"},"astra-site-page-builder":"elementor","categories":{"3427":"default","2491":"educational-institutes","3428":"free","2490":"healthcare"},"required-plugins":[{"slug":"elementor","init":"elementor\/elementor.php","name":"Elementor"},{"slug":"wpforms-lite","init":"wpforms-lite\/wpforms.php","name":"WPForms Lite"}],"post-status":"publish","post-content":"<!-- wp:paragraph -->\n<p>The Day Care Services template is a bright and colorful template that reflects the playfulness of the childcare niche perfectly. It\u2019s a light, bright, energetic design with all the elements a day care service would need from their website.<\/p>\n<!-- \/wp:paragraph -->\n\n<!-- wp:paragraph -->\n<p>Pages include an engaging homepage, program and admissions pages, about, contact and an enrolment page. More pages can be added in seconds and configured using a drag and drop page builder. It\u2019s a very flexible theme where you can customize everything you see on the page.<\/p>\n<!-- \/wp:paragraph -->\n\n<!-- wp:heading -->\n<h2>Key features of the Day Care Services template<\/h2>\n<!-- \/wp:heading -->\n\n<!-- wp:list -->\n<ul><!-- wp:list-item -->\n<li>Bright and colorful template that reflects the playfulness of the niche<\/li>\n<!-- \/wp:list-item -->\n\n<!-- wp:list-item -->\n<li>Includes all the essential pages and page elements you need<\/li>\n<!-- \/wp:list-item -->\n\n<!-- wp:list-item -->\n<li>Option to add or remove everything you see on the page<\/li>\n<!-- \/wp:list-item -->\n\n<!-- wp:list-item -->\n<li>Lots of opportunities to use images for engagement<\/li>\n<!-- \/wp:list-item -->\n\n<!-- wp:list-item -->\n<li>Full compatibility with leading page builders<\/li>\n<!-- \/wp:list-item --><\/ul>\n<!-- \/wp:list -->","post-excerpt":"The Day Care Services template is everything a childcare service could need","pages":{"id-60301":{"title":"Home","featured-image-url":"https:\/\/websitedemos.net\/wp-content\/uploads\/2022\/04\/daycare.jpg","thumbnail-image-url":"https:\/\/websitedemos.net\/wp-content\/uploads\/2022\/04\/daycare-600x4393.jpg","astra-page-api-url":"https:\/\/websitedemos.net\/daycare-02\/wp-json\/wp\/v2\/pages\/5","dynamic-page":"no","astra-page-url":"\/\/websitedemos.net\/daycare-02\/","astra-sites-tag":{"2682":"educate","423":"home","814":"homepage","1490":"kids","617":"kindergarten","2683":"learn"},"site-pages-type":"free","site-pages-page-builder":"elementor","site-pages-category":[],"site-pages-parent-category":{"60":"business","61":"free"},"required-plugins":[{"slug":"elementor","init":"elementor\/elementor.php","name":"Elementor"}]},"id-60298":{"title":"About","featured-image-url":"https:\/\/websitedemos.net\/wp-content\/uploads\/2022\/04\/daycare-about.jpg","thumbnail-image-url":"https:\/\/websitedemos.net\/wp-content\/uploads\/2022\/04\/daycare-about-600x2437.jpg","astra-page-api-url":"https:\/\/websitedemos.net\/daycare-02\/wp-json\/wp\/v2\/pages\/452","dynamic-page":"no","astra-page-url":"\/\/websitedemos.net\/daycare-02\/about\/","astra-sites-tag":{"352":"about","455":"about-us","459":"education","1490":"kids","617":"kindergarten","685":"who-we-are"},"site-pages-type":"free","site-pages-page-builder":"elementor","site-pages-category":[],"site-pages-parent-category":{"60":"business","61":"free"},"required-plugins":[{"slug":"elementor","init":"elementor\/elementor.php","name":"Elementor"}]},"id-60299":{"title":"Admission","featured-image-url":"https:\/\/websitedemos.net\/wp-content\/uploads\/2022\/04\/daycare-admission.jpg","thumbnail-image-url":"https:\/\/websitedemos.net\/wp-content\/uploads\/2022\/04\/daycare-admission-600x1147.jpg","astra-page-api-url":"https:\/\/websitedemos.net\/daycare-02\/wp-json\/wp\/v2\/pages\/938","dynamic-page":"no","astra-page-url":"\/\/websitedemos.net\/daycare-02\/admission\/","astra-sites-tag":{"2680":"admission","2682":"educate","459":"education","1490":"kids","617":"kindergarten","460":"learning","2681":"play"},"site-pages-type":"free","site-pages-page-builder":"elementor","site-pages-category":[],"site-pages-parent-category":{"60":"business","61":"free"},"required-plugins":[{"slug":"elementor","init":"elementor\/elementor.php","name":"Elementor"}]},"id-60302":{"title":"Program","featured-image-url":"https:\/\/websitedemos.net\/wp-content\/uploads\/2022\/04\/daycare-program.jpg","thumbnail-image-url":"https:\/\/websitedemos.net\/wp-content\/uploads\/2022\/04\/daycare-program-600x2934.jpg","astra-page-api-url":"https:\/\/websitedemos.net\/daycare-02\/wp-json\/wp\/v2\/pages\/739","dynamic-page":"no","astra-page-url":"\/\/websitedemos.net\/daycare-02\/program\/","astra-sites-tag":{"2682":"educate","1490":"kids","617":"kindergarten","2683":"learn","2681":"play","2684":"program","989":"programs"},"site-pages-type":"free","site-pages-page-builder":"elementor","site-pages-category":[],"site-pages-parent-category":{"60":"business","61":"free"},"required-plugins":[{"slug":"elementor","init":"elementor\/elementor.php","name":"Elementor"}]},"id-60300":{"title":"Contact","featured-image-url":"https:\/\/websitedemos.net\/wp-content\/uploads\/2022\/04\/daycare-contact.jpg","thumbnail-image-url":"https:\/\/websitedemos.net\/wp-content\/uploads\/2022\/04\/daycare-contact-600x1061.jpg","astra-page-api-url":"https:\/\/websitedemos.net\/daycare-02\/wp-json\/wp\/v2\/pages\/1059","dynamic-page":"no","astra-page-url":"\/\/websitedemos.net\/daycare-02\/contact\/","astra-sites-tag":{"415":"contact","1009":"contact-me","2682":"educate","1490":"kids","617":"kindergarten","2683":"learn","2681":"play"},"site-pages-type":"free","site-pages-page-builder":"elementor","site-pages-category":[],"site-pages-parent-category":{"60":"business","61":"free"},"required-plugins":[{"slug":"elementor","init":"elementor\/elementor.php","name":"Elementor"},{"slug":"wpforms-lite","init":"wpforms-lite\/wpforms.php","name":"WPForms Lite"}]}},"related-bb-template":"","related-elementor-template":60297,"related-gutenberg-template":71474,"related_ecommerce_template":"","ecommerce_parent_template":""},"id-71576":{"title":"Blockchain Technology","id":71576,"publish-date":1676371662,"featured-image-url":"https:\/\/websitedemos.net\/wp-content\/uploads\/2023\/02\/blockchain-technology-04.jpg","thumbnail-image-url":"https:\/\/websitedemos.net\/wp-content\/uploads\/2023\/02\/blockchain-technology-04-600x2398.jpg","fullpage-thumbnail-image-url":"https:\/\/websitedemos.net\/wp-content\/uploads\/2023\/02\/blockchain-technology-04-400x1598.jpg","astra-site-url":"\/\/websitedemos.net\/blockchain-technology-04","astra-site-parent-id":3094,"astra-sites-tag":{"3097":"bitcoin","3095":"blockchain","3096":"blockchaintechnology","3101":"blockchaintrends","3098":"crypto","3100":"cryptoart","3102":"cryptoartist","3416":"elementor","3099":"nfts","1844":"premium"},"astra-sites-type":"agency-mini","astra-site-category":{"37":"blog","27":"business"},"astra-sites-template-category":{"2828":"blog","2777":"business","2817":"technology"},"astra-site-page-builder":"elementor","categories":{"2497":"blog","3430":"dark","3427":"default","3429":"premium","2499":"technology"},"required-plugins":[{"slug":"elementor","init":"elementor\/elementor.php","name":"Elementor"},{"slug":"ultimate-elementor","init":"ultimate-elementor\/ultimate-elementor.php","name":"Ultimate Addons for Elementor"},{"slug":"wpforms-lite","init":"wpforms-lite\/wpforms.php","name":"WPForms Lite"}],"post-status":"publish","post-content":"<!-- wp:paragraph -->\n<p>The Blockchain Technology template has been designed for tech companies and has a very modern look and feel that reflects the niche. The template includes all the core page elements and pages you\u2019re likely to need, along with page builder compatibility.<\/p>\n<!-- \/wp:paragraph -->\n\n<!-- wp:paragraph -->\n<p>The design is inherently flexible with bold contrasting colors, parallax scrolling and the engagement opportunities any type of tech business could use to drum up business. It\u2019s a very accomplished design with unique appeal!<\/p>\n<!-- \/wp:paragraph -->\n\n<!-- wp:heading -->\n<h2>Key features of the Blockchain Technology template<\/h2>\n<!-- \/wp:heading -->\n\n<!-- wp:list -->\n<ul><!-- wp:list-item -->\n<li>Accomplished design ideal for the tech niche<\/li>\n<!-- \/wp:list-item -->\n\n<!-- wp:list-item -->\n<li>Includes all the core pages a tech business might need<\/li>\n<!-- \/wp:list-item -->\n\n<!-- wp:list-item -->\n<li>Excellent use of color and typography<\/li>\n<!-- \/wp:list-item -->\n\n<!-- wp:list-item -->\n<li>Flexible layouts with page builder compatibility<\/li>\n<!-- \/wp:list-item -->\n\n<!-- wp:list-item -->\n<li>Full compatibility with leading page builders<\/li>\n<!-- \/wp:list-item --><\/ul>\n<!-- \/wp:list -->","post-excerpt":"Blockchain Technology is a stylish design ideal for any kind of tech business","pages":{"id-71579":{"title":"Home","featured-image-url":"https:\/\/websitedemos.net\/wp-content\/uploads\/2023\/02\/blockchain-technology-04.jpg","thumbnail-image-url":"https:\/\/websitedemos.net\/wp-content\/uploads\/2023\/02\/blockchain-technology-04-600x2398.jpg","astra-page-api-url":"https:\/\/websitedemos.net\/blockchain-technology-04\/wp-json\/wp\/v2\/pages\/17","dynamic-page":"no","astra-page-url":"\/\/websitedemos.net\/blockchain-technology-04\/","astra-sites-tag":{"423":"home"},"site-pages-type":"agency-mini","site-pages-page-builder":"elementor","site-pages-category":[],"site-pages-parent-category":{"74":"blog","60":"business"},"required-plugins":[{"slug":"elementor","init":"elementor\/elementor.php","name":"Elementor"},{"slug":"ultimate-elementor","init":"ultimate-elementor\/ultimate-elementor.php","name":"Ultimate Addons for Elementor"},{"slug":"wpforms-lite","init":"wpforms-lite\/wpforms.php","name":"WPForms Lite"}]},"id-71577":{"title":"About","featured-image-url":"https:\/\/websitedemos.net\/wp-content\/uploads\/2023\/02\/blockchain-technology-04-about.jpg","thumbnail-image-url":"https:\/\/websitedemos.net\/wp-content\/uploads\/2023\/02\/blockchain-technology-04-about-600x1279.jpg","astra-page-api-url":"https:\/\/websitedemos.net\/blockchain-technology-04\/wp-json\/wp\/v2\/pages\/23","dynamic-page":"no","astra-page-url":"\/\/websitedemos.net\/blockchain-technology-04\/about\/","astra-sites-tag":{"352":"about"},"site-pages-type":"agency-mini","site-pages-page-builder":"elementor","site-pages-category":[],"site-pages-parent-category":{"74":"blog","60":"business"},"required-plugins":[{"slug":"elementor","init":"elementor\/elementor.php","name":"Elementor"},{"slug":"ultimate-elementor","init":"ultimate-elementor\/ultimate-elementor.php","name":"Ultimate Addons for Elementor"}]},"id-71580":{"title":"Resources","featured-image-url":"https:\/\/websitedemos.net\/wp-content\/uploads\/2023\/02\/blockchain-technology-04-resources.jpg","thumbnail-image-url":"https:\/\/websitedemos.net\/wp-content\/uploads\/2023\/02\/blockchain-technology-04-resources-600x1273.jpg","astra-page-api-url":"https:\/\/websitedemos.net\/blockchain-technology-04\/wp-json\/wp\/v2\/pages\/19","dynamic-page":"no","astra-page-url":"\/\/websitedemos.net\/blockchain-technology-04\/resources\/","astra-sites-tag":{"3103":"resources"},"site-pages-type":"agency-mini","site-pages-page-builder":"elementor","site-pages-category":[],"site-pages-parent-category":{"74":"blog","60":"business"},"required-plugins":[{"slug":"elementor","init":"elementor\/elementor.php","name":"Elementor"},{"slug":"ultimate-elementor","init":"ultimate-elementor\/ultimate-elementor.php","name":"Ultimate Addons for Elementor"}]},"id-71578":{"title":"Contact","featured-image-url":"https:\/\/websitedemos.net\/wp-content\/uploads\/2023\/02\/blockchain-technology-04-contact.jpg","thumbnail-image-url":"https:\/\/websitedemos.net\/wp-content\/uploads\/2023\/02\/blockchain-technology-04-contact-600x816.jpg","astra-page-api-url":"https:\/\/websitedemos.net\/blockchain-technology-04\/wp-json\/wp\/v2\/pages\/25","dynamic-page":"no","astra-page-url":"\/\/websitedemos.net\/blockchain-technology-04\/contact\/","astra-sites-tag":{"415":"contact"},"site-pages-type":"agency-mini","site-pages-page-builder":"elementor","site-pages-category":[],"site-pages-parent-category":{"74":"blog","60":"business"},"required-plugins":[{"slug":"elementor","init":"elementor\/elementor.php","name":"Elementor"},{"slug":"ultimate-elementor","init":"ultimate-elementor\/ultimate-elementor.php","name":"Ultimate Addons for Elementor"},{"slug":"wpforms-lite","init":"wpforms-lite\/wpforms.php","name":"WPForms Lite"}]}},"related-bb-template":"","related-elementor-template":71576,"related-gutenberg-template":85526,"related_ecommerce_template":"","ecommerce_parent_template":""},"id-73545":{"title":"Kate Stone &#8211; Fashion Designer","id":73545,"publish-date":1681832611,"featured-image-url":"https:\/\/websitedemos.net\/wp-content\/uploads\/2023\/04\/kate-stone-designer.jpg","thumbnail-image-url":"https:\/\/websitedemos.net\/wp-content\/uploads\/2023\/04\/kate-stone-designer-600x900.jpg","fullpage-thumbnail-image-url":"https:\/\/websitedemos.net\/wp-content\/uploads\/2023\/04\/kate-stone-designer-400x600.jpg","astra-site-url":"\/\/websitedemos.net\/kate-stone-designer-bio-02","astra-site-parent-id":3189,"astra-sites-tag":{"2924":"bio","2150":"cv","670":"designer","482":"fashion","2164":"fashion-blogger","2327":"fashion-designer","2351":"fashion-designer-portfolio","2161":"fashion-influencer","3173":"link-in-bio","3185":"linkin","3187":"links","3186":"linktree","3124":"personal-portfolio","444":"portfolio","2153":"resume","2212":"social-media","2163":"social-media-influencer","3012":"socialmedia"},"astra-sites-type":"free","astra-site-category":{"39":"free"},"astra-sites-template-category":{"3171":"link-in-bio","2770":"personal","2768":"portfolio"},"astra-site-page-builder":"elementor","categories":{"2479":"beauty","3427":"default","3434":"feminine","3428":"free","3191":"link-in-bio","3433":"modern","2927":"one-page","2488":"portfolio"},"required-plugins":[{"slug":"elementor","init":"elementor\/elementor.php","name":"Elementor"}],"post-status":"publish","post-content":"<!-- wp:paragraph -->\n<p>The Designer link in bio template provides the same advantages as Linktree but with more design freedom. It\u2019s a fully responsive template with many more opportunities to customize it and make it your own using your favorite page builder.<\/p>\n<!-- \/wp:paragraph -->\n\n<!-- wp:paragraph -->\n<p>The Designer link in bio template is a landing page where you can share links to your website, socials, and anywhere you like. They are used extensively to help promote yourself and your skills with a simple, engaging page.<\/p>\n<!-- \/wp:paragraph -->\n\n<!-- wp:heading -->\n<h2>Key features of the Designer link in bio template<\/h2>\n<!-- \/wp:heading -->\n\n<!-- wp:list -->\n<ul><!-- wp:list-item -->\n<li>Attractive Linktree alternative<\/li>\n<!-- \/wp:list-item -->\n\n<!-- wp:list-item -->\n<li>Fully responsive and works on any screen<\/li>\n<!-- \/wp:list-item -->\n\n<!-- wp:list-item -->\n<li>Customize everything you see on the page<\/li>\n<!-- \/wp:list-item -->\n\n<!-- wp:list-item -->\n<li>Share links and resources easily<\/li>\n<!-- \/wp:list-item -->\n\n<!-- wp:list-item -->\n<li>Full compatibility with leading page builders<\/li>\n<!-- \/wp:list-item --><\/ul>\n<!-- \/wp:list -->","post-excerpt":"The Designer link in bio template is the Linktree alternative you\u2019re looking for","pages":{"id-73546":{"title":"Home","featured-image-url":"https:\/\/websitedemos.net\/wp-content\/uploads\/2023\/04\/kate-stone-designer-bio-02.jpg","thumbnail-image-url":"https:\/\/websitedemos.net\/wp-content\/uploads\/2023\/04\/kate-stone-designer-bio-02-600x349.jpg","astra-page-api-url":"https:\/\/websitedemos.net\/kate-stone-designer-bio-02\/wp-json\/wp\/v2\/pages\/9","dynamic-page":"no","astra-page-url":"\/\/websitedemos.net\/kate-stone-designer-bio-02\/","astra-sites-tag":{"423":"home"},"site-pages-type":"free","site-pages-page-builder":"elementor","site-pages-category":[],"site-pages-parent-category":{"61":"free"},"required-plugins":[{"slug":"elementor","init":"elementor\/elementor.php","name":"Elementor"}]}},"related-bb-template":"","related-elementor-template":"","related-gutenberg-template":"","related_ecommerce_template":"","ecommerce_parent_template":""},"id-69858":{"title":"Black Friday Sale","id":69858,"publish-date":1668541699,"featured-image-url":"https:\/\/websitedemos.net\/wp-content\/uploads\/2022\/11\/black-friday-sale-04.jpg","thumbnail-image-url":"https:\/\/websitedemos.net\/wp-content\/uploads\/2022\/11\/black-friday-sale-04-600x2927.jpg","fullpage-thumbnail-image-url":"https:\/\/websitedemos.net\/wp-content\/uploads\/2022\/11\/black-friday-sale-04-400x1951.jpg","astra-site-url":"\/\/websitedemos.net\/black-friday-sale-04","astra-site-parent-id":2990,"astra-sites-tag":{"2994":"black-friday-sales-landing","2991":"black-friday","2992":"blackfriday","496":"ecommerce","1817":"ecommerce-store","3416":"elementor","2387":"fashion-store","2389":"online-fashion-store","383":"online-store","1844":"premium","2993":"sales-landing","749":"store"},"astra-sites-type":"agency-mini","astra-site-category":{"36":"other"},"astra-sites-template-category":{"2769":"ecommerce","2858":"fashion-clothing","2863":"landing-page","2771":"one-page","2857":"online-shopping"},"astra-site-page-builder":"elementor","categories":{"3430":"dark","3427":"default","2927":"one-page","3429":"premium"},"required-plugins":[{"slug":"elementor","init":"elementor\/elementor.php","name":"Elementor"},{"slug":"ultimate-elementor","init":"ultimate-elementor\/ultimate-elementor.php","name":"Ultimate Addons for Elementor"},{"slug":"wpforms-lite","init":"wpforms-lite\/wpforms.php","name":"WPForms Lite"}],"post-status":"publish","post-content":"<!-- wp:paragraph -->\n<p>The Black Friday Sale template makes it so very simple to feature a seasonal sale on your website. It\u2019s a bright, bold and engaging template with the dark design Black Friday is known for with the speed and ease of use Astra is so well known for.<\/p>\n<!-- \/wp:paragraph -->\n\n<!-- wp:paragraph -->\n<p>The Black Friday Sale template is a seasonal sale landing page with countdown timer, product showcases, logo area, discount banners and the option to add any page element you need. It\u2019s the easiest way to engage on such a busy shopping day.<\/p>\n<!-- \/wp:paragraph -->\n\n<!-- wp:heading -->\n<h2>Key features of the Black Friday Sale template<\/h2>\n<!-- \/wp:heading -->\n\n<!-- wp:list -->\n<ul><!-- wp:list-item -->\n<li>Modern landing page template for Black Friday<\/li>\n<!-- \/wp:list-item -->\n\n<!-- wp:list-item -->\n<li>Modern and engaging fonts and colors<\/li>\n<!-- \/wp:list-item -->\n\n<!-- wp:list-item -->\n<li>Plenty of product and offer elements throughout<\/li>\n<!-- \/wp:list-item -->\n\n<!-- wp:list-item -->\n<li>Designed to engage and convert<\/li>\n<!-- \/wp:list-item -->\n\n<!-- wp:list-item -->\n<li>Full compatibility with leading page builders<\/li>\n<!-- \/wp:list-item --><\/ul>\n<!-- \/wp:list -->","post-excerpt":"Black Friday Sale landing page template designed to boost profits in your store.","pages":{"id-69859":{"title":"Black Friday Sale Landing Page","featured-image-url":"https:\/\/websitedemos.net\/wp-content\/uploads\/2022\/11\/black-friday-sale-04.jpg","thumbnail-image-url":"https:\/\/websitedemos.net\/wp-content\/uploads\/2022\/11\/black-friday-sale-04-600x2927.jpg","astra-page-api-url":"https:\/\/websitedemos.net\/black-friday-sale-04\/wp-json\/wp\/v2\/pages\/301","dynamic-page":"no","astra-page-url":"\/\/websitedemos.net\/black-friday-sale-04\/","astra-sites-tag":{"2994":"black-friday-sales-landing","2991":"black-friday","2992":"blackfriday"},"site-pages-type":"agency-mini","site-pages-page-builder":"elementor","site-pages-category":[],"site-pages-parent-category":{"139":"other"},"required-plugins":[{"slug":"elementor","init":"elementor\/elementor.php","name":"Elementor"},{"slug":"ultimate-elementor","init":"ultimate-elementor\/ultimate-elementor.php","name":"Ultimate Addons for Elementor"},{"slug":"wpforms-lite","init":"wpforms-lite\/wpforms.php","name":"WPForms Lite"}]}},"related-bb-template":"","related-elementor-template":69858,"related-gutenberg-template":85655,"related_ecommerce_template":"","ecommerce_parent_template":""}}